circulo,nome,ingles,escola,icone,ilustracao,palavras,prompt_icone,prompt_cena
Truque,Arte Druídica,Druidcraft,Transmutação,public/images/magias/icones/arte-druidica.webp,public/images/magias/ilustracoes/arte-druidica-1.webp,"small nature magic, budding flower blooming in a palm, falling leaves, tiny weather swirl","fantasy RPG spell icon, small nature magic, budding flower blooming in a palm, falling leaves, tiny weather swirl, single centered emblem, painterly hand-painted style, rich colors, dark vignette background, emerald green and amber glow, square, no text, no border","medieval fantasy illustration of a druid casting the spell Druidcraft: small nature magic, budding flower blooming in a palm, falling leaves, tiny weather swirl, dramatic lighting, painterly D&D book art, wide 16:9, no text"
Truque,Bordão Místico,Shillelagh,Transmutação,public/images/magias/icones/bordao-mistico.webp,public/images/magias/ilustracoes/bordao-mistico-1.webp,"wooden club wreathed in green nature magic, glowing grain","fantasy RPG spell icon, wooden club wreathed in green nature magic, glowing grain, single centered emblem, painterly hand-painted style, rich colors, dark vignette background, emerald green and amber glow, square, no text, no border","medieval fantasy illustration of a druid casting the spell Shillelagh: wooden club wreathed in green nature magic, glowing grain, dramatic lighting, painterly D&D book art, wide 16:9, no text"
Truque,Centelha Estelar,Starry Wisp,Evocação,public/images/magias/icones/centelha-estelar.webp,public/images/magias/ilustracoes/centelha-estelar-1.webp,tiny mote of starlight shooting like a comet,"fantasy RPG spell icon, tiny mote of starlight shooting like a comet, single centered emblem, painterly hand-painted style, rich colors, dark vignette background, fiery orange and red glow, square, no text, no border","medieval fantasy illustration of a bard casting the spell Starry Wisp: tiny mote of starlight shooting like a comet, dramatic lighting, painterly D&D book art, wide 16:9, no text"
Truque,Chama Sagrada,Sacred Flame,Evocação,public/images/magias/icones/chama-sagrada.webp,public/images/magias/ilustracoes/chama-sagrada-1.webp,radiant pillar of holy flame falling from above,"fantasy RPG spell icon, radiant pillar of holy flame falling from above, single centered emblem, painterly hand-painted style, rich colors, dark vignette background, fiery orange and red glow, square, no text, no border","medieval fantasy illustration of a cleric casting the spell Sacred Flame: radiant pillar of holy flame falling from above, dramatic lighting, painterly D&D book art, wide 16:9, no text"
Truque,Consertar,Mending,Transmutação,public/images/magias/icones/consertar.webp,public/images/magias/ilustracoes/consertar-1.webp,broken pottery pieces knitting back together with golden seams,"fantasy RPG spell icon, broken pottery pieces knitting back together with golden seams, single centered emblem, painterly hand-painted style, rich colors, dark vignette background, emerald green and amber glow, square, no text, no border","medieval fantasy illustration of a bard casting the spell Mending: broken pottery pieces knitting back together with golden seams, dramatic lighting, painterly D&D book art, wide 16:9, no text"
Truque,Elementalismo,Elementalism,Transmutação,public/images/magias/icones/elementalismo.webp,public/images/magias/ilustracoes/elementalismo-1.webp,"four small swirls of fire, water, earth and air orbiting a hand","fantasy RPG spell icon, four small swirls of fire, water, earth and air orbiting a hand, single centered emblem, painterly hand-painted style, rich colors, dark vignette background, emerald green and amber glow, square, no text, no border","medieval fantasy illustration of a druid casting the spell Elementalism: four small swirls of fire, water, earth and air orbiting a hand, dramatic lighting, painterly D&D book art, wide 16:9, no text"
Truque,Explosão Feiticeira,Sorcerous Burst,Evocação,public/images/magias/icones/explosao-feiticeira.webp,public/images/magias/ilustracoes/explosao-feiticeira-1.webp,"burst of raw chaotic sorcery, multicolored sparks","fantasy RPG spell icon, burst of raw chaotic sorcery, multicolored sparks, single centered emblem, painterly hand-painted style, rich colors, dark vignette background, fiery orange and red glow, square, no text, no border","medieval fantasy illustration of a sorcerer casting the spell Sorcerous Burst: burst of raw chaotic sorcery, multicolored sparks, dramatic lighting, painterly D&D book art, wide 16:9, no text"
Truque,Globos de Luz,Dancing Lights,Ilusão,public/images/magias/icones/globos-de-luz.webp,public/images/magias/ilustracoes/globos-de-luz-1.webp,four floating orbs of warm light dancing in the dark,"fantasy RPG spell icon, four floating orbs of warm light dancing in the dark, single centered emblem, painterly hand-painted style, rich colors, dark vignette background, violet glow, square, no text, no border","medieval fantasy illustration of a bard casting the spell Dancing Lights: four floating orbs of warm light dancing in the dark, dramatic lighting, painterly D&D book art, wide 16:9, no text"
Truque,Golpe Certeiro,True Strike,Adivinhação,public/images/magias/icones/golpe-certeiro.webp,public/images/magias/ilustracoes/golpe-certeiro-1.webp,"glowing eye of insight over a weapon, golden aim line","fantasy RPG spell icon, glowing eye of insight over a weapon, golden aim line, single centered emblem, painterly hand-painted style, rich colors, dark vignette background, silver and white glow, square, no text, no border","medieval fantasy illustration of a bard casting the spell True Strike: glowing eye of insight over a weapon, golden aim line, dramatic lighting, painterly D&D book art, wide 16:9, no text"
Truque,Ilusão Menor,Minor Illusion,Ilusão,public/images/magias/icones/ilusao-menor.webp,public/images/magias/ilustracoes/ilusao-menor-1.webp,"illusory crate fading at the edges, shimmering image","fantasy RPG spell icon, illusory crate fading at the edges, shimmering image, single centered emblem, painterly hand-painted style, rich colors, dark vignette background, violet glow, square, no text, no border","medieval fantasy illustration of a bard casting the spell Minor Illusion: illusory crate fading at the edges, shimmering image, dramatic lighting, painterly D&D book art, wide 16:9, no text"
Truque,Luz,Light,Evocação,public/images/magias/icones/luz.webp,public/images/magias/ilustracoes/luz-1.webp,"object glowing with bright warm light, torch-like radiance","fantasy RPG spell icon, object glowing with bright warm light, torch-like radiance, single centered emblem, painterly hand-painted style, rich colors, dark vignette background, fiery orange and red glow, square, no text, no border","medieval fantasy illustration of a bard casting the spell Light: object glowing with bright warm light, torch-like radiance, dramatic lighting, painterly D&D book art, wide 16:9, no text"
Truque,Mensagem,Message,Transmutação,public/images/magias/icones/mensagem.webp,public/images/magias/ilustracoes/mensagem-1.webp,whisper traveling as a glowing ribbon between two ears,"fantasy RPG spell icon, whisper traveling as a glowing ribbon between two ears, single centered emblem, painterly hand-painted style, rich colors, dark vignette background, emerald green and amber glow, square, no text, no border","medieval fantasy illustration of a bard casting the spell Message: whisper traveling as a glowing ribbon between two ears, dramatic lighting, painterly D&D book art, wide 16:9, no text"
Truque,Mãos Mágicas,Mage Hand,Conjuração,public/images/magias/icones/maos-magicas.webp,public/images/magias/ilustracoes/maos-magicas-1.webp,spectral floating hand lifting a key,"fantasy RPG spell icon, spectral floating hand lifting a key, single centered emblem, painterly hand-painted style, rich colors, dark vignette background, golden yellow glow, square, no text, no border","medieval fantasy illustration of a bard casting the spell Mage Hand: spectral floating hand lifting a key, dramatic lighting, painterly D&D book art, wide 16:9, no text"
Truque,Orientação,Guidance,Adivinhação,public/images/magias/icones/orientacao.webp,public/images/magias/ilustracoes/orientacao-1.webp,"divine glowing hand resting on a shoulder, soft golden light","fantasy RPG spell icon, divine glowing hand resting on a shoulder, soft golden light, single centered emblem, painterly hand-painted style, rich colors, dark vignette background, silver and white glow, square, no text, no border","medieval fantasy illustration of a cleric casting the spell Guidance: divine glowing hand resting on a shoulder, soft golden light, dramatic lighting, painterly D&D book art, wide 16:9, no text"
Truque,Poupar os Moribundos,Spare the Dying,Necromancia,public/images/magias/icones/poupar-os-moribundos.webp,public/images/magias/ilustracoes/poupar-os-moribundos-1.webp,"gentle glowing hand over a fallen warrior, stabilizing light","fantasy RPG spell icon, gentle glowing hand over a fallen warrior, stabilizing light, single centered emblem, painterly hand-painted style, rich colors, dark vignette background, sickly green and black glow, square, no text, no border","medieval fantasy illustration of a cleric casting the spell Spare the Dying: gentle glowing hand over a fallen warrior, stabilizing light, dramatic lighting, painterly D&D book art, wide 16:9, no text"
Truque,Prestidigitação,Prestidigitation,Transmutação,public/images/magias/icones/prestidigitacao.webp,public/images/magias/ilustracoes/prestidigitacao-1.webp,"small magic trick, sparks, a candle lighting itself, cleaned cloth","fantasy RPG spell icon, small magic trick, sparks, a candle lighting itself, cleaned cloth, single centered emblem, painterly hand-painted style, rich colors, dark vignette background, emerald green and amber glow, square, no text, no border","medieval fantasy illustration of a bard casting the spell Prestidigitation: small magic trick, sparks, a candle lighting itself, cleaned cloth, dramatic lighting, painterly D&D book art, wide 16:9, no text"
Truque,Produzir Chama,Produce Flame,Conjuração,public/images/magias/icones/produzir-chama.webp,public/images/magias/ilustracoes/produzir-chama-1.webp,small flame dancing in an open palm,"fantasy RPG spell icon, small flame dancing in an open palm, single centered emblem, painterly hand-painted style, rich colors, dark vignette background, golden yellow glow, square, no text, no border","medieval fantasy illustration of a druid casting the spell Produce Flame: small flame dancing in an open palm, dramatic lighting, painterly D&D book art, wide 16:9, no text"
Truque,Raio de Fogo,Fire Bolt,Evocação,public/images/magias/icones/raio-de-fogo.webp,public/images/magias/ilustracoes/raio-de-fogo-1.webp,"streak of fire hurled from a fingertip, ember trail","fantasy RPG spell icon, streak of fire hurled from a fingertip, ember trail, single centered emblem, painterly hand-painted style, rich colors, dark vignette background, fiery orange and red glow, square, no text, no border","medieval fantasy illustration of a sorcerer casting the spell Fire Bolt: streak of fire hurled from a fingertip, ember trail, dramatic lighting, painterly D&D book art, wide 16:9, no text"
Truque,Raio de Gelo,Ray of Frost,Evocação,public/images/magias/icones/raio-de-gelo.webp,public/images/magias/ilustracoes/raio-de-gelo-1.webp,"frigid pale blue beam, ice crystals forming","fantasy RPG spell icon, frigid pale blue beam, ice crystals forming, single centered emblem, painterly hand-painted style, rich colors, dark vignette background, fiery orange and red glow, square, no text, no border","medieval fantasy illustration of a sorcerer casting the spell Ray of Frost: frigid pale blue beam, ice crystals forming, dramatic lighting, painterly D&D book art, wide 16:9, no text"
Truque,Rajada Mística,Eldritch Blast,Evocação,public/images/magias/icones/rajada-mistica.webp,public/images/magias/ilustracoes/rajada-mistica-1.webp,"crackling beam of violet eldritch energy, otherworldly sigils","fantasy RPG spell icon, crackling beam of violet eldritch energy, otherworldly sigils, single centered emblem, painterly hand-painted style, rich colors, dark vignette background, fiery orange and red glow, square, no text, no border","medieval fantasy illustration of a warlock casting the spell Eldritch Blast: crackling beam of violet eldritch energy, otherworldly sigils, dramatic lighting, painterly D&D book art, wide 16:9, no text"
Truque,Rajada de Veneno,Poison Spray,Necromancia,public/images/magias/icones/rajada-de-veneno.webp,public/images/magias/ilustracoes/rajada-de-veneno-1.webp,puff of toxic green mist sprayed from a palm,"fantasy RPG spell icon, puff of toxic green mist sprayed from a palm, single centered emblem, painterly hand-painted style, rich colors, dark vignette background, sickly green and black glow, square, no text, no border","medieval fantasy illustration of a warlock casting the spell Poison Spray: puff of toxic green mist sprayed from a palm, dramatic lighting, painterly D&D book art, wide 16:9, no text"
Truque,Resistência,Resistance,Abjuração,public/images/magias/icones/resistencia.webp,public/images/magias/ilustracoes/resistencia-1.webp,"small glowing shield sigil over a cloak, protective shimmer","fantasy RPG spell icon, small glowing shield sigil over a cloak, protective shimmer, single centered emblem, painterly hand-painted style, rich colors, dark vignette background, pale blue glow, square, no text, no border","medieval fantasy illustration of a cleric casting the spell Resistance: small glowing shield sigil over a cloak, protective shimmer, dramatic lighting, painterly D&D book art, wide 16:9, no text"
Truque,Respingo Ácido,Acid Splash,Evocação,public/images/magias/icones/respingo-acido.webp,public/images/magias/ilustracoes/respingo-acido-1.webp,"bubble of green acid bursting, corrosive droplets splashing, smoking hiss","fantasy RPG spell icon, bubble of green acid bursting, corrosive droplets splashing, smoking hiss, single centered emblem, painterly hand-painted style, rich colors, dark vignette background, fiery orange and red glow, square, no text, no border","medieval fantasy illustration of a sorcerer casting the spell Acid Splash: bubble of green acid bursting, corrosive droplets splashing, smoking hiss, dramatic lighting, painterly D&D book art, wide 16:9, no text"
Truque,Taumaturgia,Thaumaturgy,Transmutação,public/images/magias/icones/taumaturgia.webp,public/images/magias/ilustracoes/taumaturgia-1.webp,"booming voice, flickering flames, trembling ground, eyes glowing","fantasy RPG spell icon, booming voice, flickering flames, trembling ground, eyes glowing, single centered emblem, painterly hand-painted style, rich colors, dark vignette background, emerald green and amber glow, square, no text, no border","medieval fantasy illustration of a cleric casting the spell Thaumaturgy: booming voice, flickering flames, trembling ground, eyes glowing, dramatic lighting, painterly D&D book art, wide 16:9, no text"
Truque,Toque Arrepiante,Chill Touch,Necromancia,public/images/magias/icones/toque-arrepiante.webp,public/images/magias/ilustracoes/toque-arrepiante-1.webp,"ghostly skeletal hand of pale blue frost reaching out, necrotic mist","fantasy RPG spell icon, ghostly skeletal hand of pale blue frost reaching out, necrotic mist, single centered emblem, painterly hand-painted style, rich colors, dark vignette background, sickly green and black glow, square, no text, no border","medieval fantasy illustration of a warlock casting the spell Chill Touch: ghostly skeletal hand of pale blue frost reaching out, necrotic mist, dramatic lighting, painterly D&D book art, wide 16:9, no text"
Truque,Toque Chocante,Shocking Grasp,Evocação,public/images/magias/icones/toque-chocante.webp,public/images/magias/ilustracoes/toque-chocante-1.webp,"hand crackling with lightning, electric arcs","fantasy RPG spell icon, hand crackling with lightning, electric arcs, single centered emblem, painterly hand-painted style, rich colors, dark vignette background, fiery orange and red glow, square, no text, no border","medieval fantasy illustration of a sorcerer casting the spell Shocking Grasp: hand crackling with lightning, electric arcs, dramatic lighting, painterly D&D book art, wide 16:9, no text"
Truque,Zombaria Viciosa,Vicious Mockery,Encantamento,public/images/magias/icones/zombaria-viciosa.webp,public/images/magias/ilustracoes/zombaria-viciosa-1.webp,"mocking jester mask, cutting words as purple wisps","fantasy RPG spell icon, mocking jester mask, cutting words as purple wisps, single centered emblem, painterly hand-painted style, rich colors, dark vignette background, pink and magenta glow, square, no text, no border","medieval fantasy illustration of a bard casting the spell Vicious Mockery: mocking jester mask, cutting words as purple wisps, dramatic lighting, painterly D&D book art, wide 16:9, no text"
1º círculo,Alarme,Alarm,Abjuração,public/images/magias/icones/alarme.webp,public/images/magias/ilustracoes/alarme-1.webp,"spectral bell over a doorway, ward rune glowing","fantasy RPG spell icon, spectral bell over a doorway, ward rune glowing, single centered emblem, painterly hand-painted style, rich colors, dark vignette background, pale blue glow, square, no text, no border","medieval fantasy illustration of a wizard casting the spell Alarm: spectral bell over a doorway, ward rune glowing, dramatic lighting, painterly D&D book art, wide 16:9, no text"
1º círculo,Amizade Animal,Animal Friendship,Encantamento,public/images/magias/icones/amizade-animal.webp,public/images/magias/ilustracoes/amizade-animal-1.webp,"gentle hand reaching to a wild wolf, calm green aura","fantasy RPG spell icon, gentle hand reaching to a wild wolf, calm green aura, single centered emblem, painterly hand-painted style, rich colors, dark vignette background, pink and magenta glow, square, no text, no border","medieval fantasy illustration of a bard casting the spell Animal Friendship: gentle hand reaching to a wild wolf, calm green aura, dramatic lighting, painterly D&D book art, wide 16:9, no text"
1º círculo,Armadura Arcana,Mage Armor,Abjuração,public/images/magias/icones/armadura-arcana.webp,public/images/magias/ilustracoes/armadura-arcana-1.webp,translucent blue arcane armor around a robed figure,"fantasy RPG spell icon, translucent blue arcane armor around a robed figure, single centered emblem, painterly hand-painted style, rich colors, dark vignette background, pale blue glow, square, no text, no border","medieval fantasy illustration of a sorcerer casting the spell Mage Armor: translucent blue arcane armor around a robed figure, dramatic lighting, painterly D&D book art, wide 16:9, no text"
1º círculo,Bom Fruto,Goodberry,Conjuração,public/images/magias/icones/bom-fruto.webp,public/images/magias/ilustracoes/bom-fruto-1.webp,handful of glowing magical berries,"fantasy RPG spell icon, handful of glowing magical berries, single centered emblem, painterly hand-painted style, rich colors, dark vignette background, golden yellow glow, square, no text, no border","medieval fantasy illustration of a druid casting the spell Goodberry: handful of glowing magical berries, dramatic lighting, painterly D&D book art, wide 16:9, no text"
1º círculo,Bruxaria,Hex,Encantamento,public/images/magias/icones/bruxaria.webp,public/images/magias/ilustracoes/bruxaria-1.webp,"witch's curse sigil over a target, green-violet hex mark","fantasy RPG spell icon, witch's curse sigil over a target, green-violet hex mark, single centered emblem, painterly hand-painted style, rich colors, dark vignette background, pink and magenta glow, square, no text, no border","medieval fantasy illustration of a warlock casting the spell Hex: witch's curse sigil over a target, green-violet hex mark, dramatic lighting, painterly D&D book art, wide 16:9, no text"
1º círculo,Bênção,Bless,Encantamento,public/images/magias/icones/bencao.webp,public/images/magias/ilustracoes/bencao-1.webp,"three glowing holy symbols blessing warriors, golden light","fantasy RPG spell icon, three glowing holy symbols blessing warriors, golden light, single centered emblem, painterly hand-painted style, rich colors, dark vignette background, pink and magenta glow, square, no text, no border","medieval fantasy illustration of a cleric casting the spell Bless: three glowing holy symbols blessing warriors, golden light, dramatic lighting, painterly D&D book art, wide 16:9, no text"
1º círculo,Comando,Command,Encantamento,public/images/magias/icones/comando.webp,public/images/magias/ilustracoes/comando-1.webp,"single shouted word of power, authoritative glowing rune","fantasy RPG spell icon, single shouted word of power, authoritative glowing rune, single centered emblem, painterly hand-painted style, rich colors, dark vignette background, pink and magenta glow, square, no text, no border","medieval fantasy illustration of a bard casting the spell Command: single shouted word of power, authoritative glowing rune, dramatic lighting, painterly D&D book art, wide 16:9, no text"
1º círculo,Compreender Idiomas,Comprehend Languages,Adivinhação,public/images/magias/icones/compreender-idiomas.webp,public/images/magias/ilustracoes/compreender-idiomas-1.webp,ancient scroll with runes translating into light,"fantasy RPG spell icon, ancient scroll with runes translating into light, single centered emblem, painterly hand-painted style, rich colors, dark vignette background, silver and white glow, square, no text, no border","medieval fantasy illustration of a bard casting the spell Comprehend Languages: ancient scroll with runes translating into light, dramatic lighting, painterly D&D book art, wide 16:9, no text"
1º círculo,Constrição,Entangle,Conjuração,public/images/magias/icones/constricao.webp,public/images/magias/ilustracoes/constricao-1.webp,grasping roots and vines bursting from the ground,"fantasy RPG spell icon, grasping roots and vines bursting from the ground, single centered emblem, painterly hand-painted style, rich colors, dark vignette background, golden yellow glow, square, no text, no border","medieval fantasy illustration of a druid casting the spell Entangle: grasping roots and vines bursting from the ground, dramatic lighting, painterly D&D book art, wide 16:9, no text"
1º círculo,Criar ou Destruir Água,Create or Destroy Water,Transmutação,public/images/magias/icones/criar-ou-destruir-agua.webp,public/images/magias/ilustracoes/criar-ou-destruir-agua-1.webp,"water pouring from nowhere into a jug, rain drops","fantasy RPG spell icon, water pouring from nowhere into a jug, rain drops, single centered emblem, painterly hand-painted style, rich colors, dark vignette background, emerald green and amber glow, square, no text, no border","medieval fantasy illustration of a cleric casting the spell Create or Destroy Water: water pouring from nowhere into a jug, rain drops, dramatic lighting, painterly D&D book art, wide 16:9, no text"
1º círculo,Curar Ferimentos,Cure Wounds,Abjuração,public/images/magias/icones/curar-ferimentos.webp,public/images/magias/ilustracoes/curar-ferimentos-1.webp,"glowing hand healing a wound, green-gold light","fantasy RPG spell icon, glowing hand healing a wound, green-gold light, single centered emblem, painterly hand-painted style, rich colors, dark vignette background, pale blue glow, square, no text, no border","medieval fantasy illustration of a bard casting the spell Cure Wounds: glowing hand healing a wound, green-gold light, dramatic lighting, painterly D&D book art, wide 16:9, no text"
1º círculo,Destruição Divina,Divine Smite,Evocação,public/images/magias/icones/destruicao-divina.webp,public/images/magias/ilustracoes/destruicao-divina-1.webp,sword strike exploding with radiant holy light,"fantasy RPG spell icon, sword strike exploding with radiant holy light, single centered emblem, painterly hand-painted style, rich colors, dark vignette background, fiery orange and red glow, square, no text, no border","medieval fantasy illustration of a paladin casting the spell Divine Smite: sword strike exploding with radiant holy light, dramatic lighting, painterly D&D book art, wide 16:9, no text"
1º círculo,Destruição Lancinante,Searing Smite,Evocação,public/images/magias/icones/destruicao-lancinante.webp,public/images/magias/ilustracoes/destruicao-lancinante-1.webp,weapon blazing with searing fire on impact,"fantasy RPG spell icon, weapon blazing with searing fire on impact, single centered emblem, painterly hand-painted style, rich colors, dark vignette background, fiery orange and red glow, square, no text, no border","medieval fantasy illustration of a paladin casting the spell Searing Smite: weapon blazing with searing fire on impact, dramatic lighting, painterly D&D book art, wide 16:9, no text"
1º círculo,Detectar Magia,Detect Magic,Adivinhação,public/images/magias/icones/detectar-magia.webp,public/images/magias/ilustracoes/detectar-magia-1.webp,glowing eye seeing magical auras around items,"fantasy RPG spell icon, glowing eye seeing magical auras around items, single centered emblem, painterly hand-painted style, rich colors, dark vignette background, silver and white glow, square, no text, no border","medieval fantasy illustration of a bard casting the spell Detect Magic: glowing eye seeing magical auras around items, dramatic lighting, painterly D&D book art, wide 16:9, no text"
1º círculo,Detectar Veneno e Doença,Detect Poison and Disease,Adivinhação,public/images/magias/icones/detectar-veneno-e-doenca.webp,public/images/magias/ilustracoes/detectar-veneno-e-doenca-1.webp,eye revealing green toxic auras over food,"fantasy RPG spell icon, eye revealing green toxic auras over food, single centered emblem, painterly hand-painted style, rich colors, dark vignette background, silver and white glow, square, no text, no border","medieval fantasy illustration of a cleric casting the spell Detect Poison and Disease: eye revealing green toxic auras over food, dramatic lighting, painterly D&D book art, wide 16:9, no text"
1º círculo,Detectar o Bem e o Mal,Detect Evil and Good,Adivinhação,public/images/magias/icones/detectar-o-bem-e-o-mal.webp,public/images/magias/ilustracoes/detectar-o-bem-e-o-mal-1.webp,glowing eyes sensing celestial and fiendish auras,"fantasy RPG spell icon, glowing eyes sensing celestial and fiendish auras, single centered emblem, painterly hand-painted style, rich colors, dark vignette background, silver and white glow, square, no text, no border","medieval fantasy illustration of a cleric casting the spell Detect Evil and Good: glowing eyes sensing celestial and fiendish auras, dramatic lighting, painterly D&D book art, wide 16:9, no text"
1º círculo,Disco Flutuante,Floating Disk,Conjuração,public/images/magias/icones/disco-flutuante.webp,public/images/magias/ilustracoes/disco-flutuante-1.webp,floating circular disk of force carrying chests,"fantasy RPG spell icon, floating circular disk of force carrying chests, single centered emblem, painterly hand-painted style, rich colors, dark vignette background, golden yellow glow, square, no text, no border","medieval fantasy illustration of a wizard casting the spell Floating Disk: floating circular disk of force carrying chests, dramatic lighting, painterly D&D book art, wide 16:9, no text"
1º círculo,Disfarçar-se,Disguise Self,Ilusão,public/images/magias/icones/disfarcar-se.webp,public/images/magias/ilustracoes/disfarcar-se-1.webp,"face changing like a mask, shimmering illusion","fantasy RPG spell icon, face changing like a mask, shimmering illusion, single centered emblem, painterly hand-painted style, rich colors, dark vignette background, violet glow, square, no text, no border","medieval fantasy illustration of a bard casting the spell Disguise Self: face changing like a mask, shimmering illusion, dramatic lighting, painterly D&D book art, wide 16:9, no text"
1º círculo,Encontrar Familiar,Find Familiar,Conjuração,public/images/magias/icones/encontrar-familiar.webp,public/images/magias/ilustracoes/encontrar-familiar-1.webp,"small spirit animal (owl, cat, raven) appearing in a summoning circle","fantasy RPG spell icon, small spirit animal (owl, cat, raven) appearing in a summoning circle, single centered emblem, painterly hand-painted style, rich colors, dark vignette background, golden yellow glow, square, no text, no border","medieval fantasy illustration of a wizard casting the spell Find Familiar: small spirit animal (owl, cat, raven) appearing in a summoning circle, dramatic lighting, painterly D&D book art, wide 16:9, no text"
1º círculo,Enfeitiçar Pessoa,Charm Person,Encantamento,public/images/magias/icones/enfeiticar-pessoa.webp,public/images/magias/ilustracoes/enfeiticar-pessoa-1.webp,"enchanting gaze, pink spiral, captivated face","fantasy RPG spell icon, enchanting gaze, pink spiral, captivated face, single centered emblem, painterly hand-painted style, rich colors, dark vignette background, pink and magenta glow, square, no text, no border","medieval fantasy illustration of a bard casting the spell Charm Person: enchanting gaze, pink spiral, captivated face, dramatic lighting, painterly D&D book art, wide 16:9, no text"
1º círculo,Escrita Ilusória,Illusory Script,Ilusão,public/images/magias/icones/escrita-ilusoria.webp,public/images/magias/ilustracoes/escrita-ilusoria-1.webp,"magical script shifting on parchment, secret runes","fantasy RPG spell icon, magical script shifting on parchment, secret runes, single centered emblem, painterly hand-painted style, rich colors, dark vignette background, violet glow, square, no text, no border","medieval fantasy illustration of a bard casting the spell Illusory Script: magical script shifting on parchment, secret runes, dramatic lighting, painterly D&D book art, wide 16:9, no text"
1º círculo,Escudo Arcano,Shield,Abjuração,public/images/magias/icones/escudo-arcano.webp,public/images/magias/ilustracoes/escudo-arcano-1.webp,sudden invisible barrier of force blocking an arrow,"fantasy RPG spell icon, sudden invisible barrier of force blocking an arrow, single centered emblem, painterly hand-painted style, rich colors, dark vignette background, pale blue glow, square, no text, no border","medieval fantasy illustration of a sorcerer casting the spell Shield: sudden invisible barrier of force blocking an arrow, dramatic lighting, painterly D&D book art, wide 16:9, no text"
1º círculo,Escudo da Fé,Shield of Faith,Abjuração,public/images/magias/icones/escudo-da-fe.webp,public/images/magias/ilustracoes/escudo-da-fe-1.webp,shimmering holy shield sigil around an ally,"fantasy RPG spell icon, shimmering holy shield sigil around an ally, single centered emblem, painterly hand-painted style, rich colors, dark vignette background, pale blue glow, square, no text, no border","medieval fantasy illustration of a cleric casting the spell Shield of Faith: shimmering holy shield sigil around an ally, dramatic lighting, painterly D&D book art, wide 16:9, no text"
1º círculo,Faca de Gelo,Ice Knife,Conjuração,public/images/magias/icones/faca-de-gelo.webp,public/images/magias/ilustracoes/faca-de-gelo-1.webp,dagger of ice shattering into shards,"fantasy RPG spell icon, dagger of ice shattering into shards, single centered emblem, painterly hand-painted style, rich colors, dark vignette background, golden yellow glow, square, no text, no border","medieval fantasy illustration of a druid casting the spell Ice Knife: dagger of ice shattering into shards, dramatic lighting, painterly D&D book art, wide 16:9, no text"
1º círculo,Falar com Animais,Speak with Animals,Adivinhação,public/images/magias/icones/falar-com-animais.webp,public/images/magias/ilustracoes/falar-com-animais-1.webp,"person talking with a fox and a bird, speech glow","fantasy RPG spell icon, person talking with a fox and a bird, speech glow, single centered emblem, painterly hand-painted style, rich colors, dark vignette background, silver and white glow, square, no text, no border","medieval fantasy illustration of a bard casting the spell Speak with Animals: person talking with a fox and a bird, speech glow, dramatic lighting, painterly D&D book art, wide 16:9, no text"
1º círculo,Favor Divino,Divine Favor,Transmutação,public/images/magias/icones/favor-divino.webp,public/images/magias/ilustracoes/favor-divino-1.webp,weapon glowing with radiant divine energy,"fantasy RPG spell icon, weapon glowing with radiant divine energy, single centered emblem, painterly hand-painted style, rich colors, dark vignette background, emerald green and amber glow, square, no text, no border","medieval fantasy illustration of a paladin casting the spell Divine Favor: weapon glowing with radiant divine energy, dramatic lighting, painterly D&D book art, wide 16:9, no text"
1º círculo,Fogo das Fadas,Faerie Fire,Evocação,public/images/magias/icones/fogo-das-fadas.webp,public/images/magias/ilustracoes/fogo-das-fadas-1.webp,creatures outlined in glowing blue and violet fey light,"fantasy RPG spell icon, creatures outlined in glowing blue and violet fey light, single centered emblem, painterly hand-painted style, rich colors, dark vignette background, fiery orange and red glow, square, no text, no border","medieval fantasy illustration of a bard casting the spell Faerie Fire: creatures outlined in glowing blue and violet fey light, dramatic lighting, painterly D&D book art, wide 16:9, no text"
1º círculo,Golpe Constritor,Ensnaring Strike,Conjuração,public/images/magias/icones/golpe-constritor.webp,public/images/magias/ilustracoes/golpe-constritor-1.webp,thorny vines sprouting from a weapon to entangle,"fantasy RPG spell icon, thorny vines sprouting from a weapon to entangle, single centered emblem, painterly hand-painted style, rich colors, dark vignette background, golden yellow glow, square, no text, no border","medieval fantasy illustration of a ranger casting the spell Ensnaring Strike: thorny vines sprouting from a weapon to entangle, dramatic lighting, painterly D&D book art, wide 16:9, no text"
1º círculo,Heroísmo,Heroism,Encantamento,public/images/magias/icones/heroismo.webp,public/images/magias/ilustracoes/heroismo-1.webp,"heroic glowing aura, courageous warrior, banner of light","fantasy RPG spell icon, heroic glowing aura, courageous warrior, banner of light, single centered emblem, painterly hand-painted style, rich colors, dark vignette background, pink and magenta glow, square, no text, no border","medieval fantasy illustration of a bard casting the spell Heroism: heroic glowing aura, courageous warrior, banner of light, dramatic lighting, painterly D&D book art, wide 16:9, no text"
1º círculo,Identificação,Identify,Adivinhação,public/images/magias/icones/identificacao.webp,public/images/magias/ilustracoes/identificacao-1.webp,magnifying light revealing secrets of a magic ring,"fantasy RPG spell icon, magnifying light revealing secrets of a magic ring, single centered emblem, painterly hand-painted style, rich colors, dark vignette background, silver and white glow, square, no text, no border","medieval fantasy illustration of a bard casting the spell Identify: magnifying light revealing secrets of a magic ring, dramatic lighting, painterly D&D book art, wide 16:9, no text"
1º círculo,Imagem Silenciosa,Silent Image,Ilusão,public/images/magias/icones/imagem-silenciosa.webp,public/images/magias/ilustracoes/imagem-silenciosa-1.webp,silent illusory image of a dragon shimmering,"fantasy RPG spell icon, silent illusory image of a dragon shimmering, single centered emblem, painterly hand-painted style, rich colors, dark vignette background, violet glow, square, no text, no border","medieval fantasy illustration of a bard casting the spell Silent Image: silent illusory image of a dragon shimmering, dramatic lighting, painterly D&D book art, wide 16:9, no text"
1º círculo,Infligir Ferimentos,Inflict Wounds,Necromancia,public/images/magias/icones/infligir-ferimentos.webp,public/images/magias/ilustracoes/infligir-ferimentos-1.webp,hand of necrotic energy draining life,"fantasy RPG spell icon, hand of necrotic energy draining life, single centered emblem, painterly hand-painted style, rich colors, dark vignette background, sickly green and black glow, square, no text, no border","medieval fantasy illustration of a cleric casting the spell Inflict Wounds: hand of necrotic energy draining life, dramatic lighting, painterly D&D book art, wide 16:9, no text"
1º círculo,Leque Cromático,Color Spray,Ilusão,public/images/magias/icones/leque-cromatico.webp,public/images/magias/ilustracoes/leque-cromatico-1.webp,dazzling burst of rainbow light from a hand,"fantasy RPG spell icon, dazzling burst of rainbow light from a hand, single centered emblem, painterly hand-painted style, rich colors, dark vignette background, violet glow, square, no text, no border","medieval fantasy illustration of a bard casting the spell Color Spray: dazzling burst of rainbow light from a hand, dramatic lighting, painterly D&D book art, wide 16:9, no text"
1º círculo,Marca do Caçador,Hunter's Mark,Adivinhação,public/images/magias/icones/marca-do-cacador.webp,public/images/magias/ilustracoes/marca-do-cacador-1.webp,"glowing hunter's sigil marking prey, crosshair of light","fantasy RPG spell icon, glowing hunter's sigil marking prey, crosshair of light, single centered emblem, painterly hand-painted style, rich colors, dark vignette background, silver and white glow, square, no text, no border","medieval fantasy illustration of a ranger casting the spell Hunter's Mark: glowing hunter's sigil marking prey, crosshair of light, dramatic lighting, painterly D&D book art, wide 16:9, no text"
1º círculo,Mãos Flamejantes,Burning Hands,Evocação,public/images/magias/icones/maos-flamejantes.webp,public/images/magias/ilustracoes/maos-flamejantes-1.webp,thin sheet of flames fanning from spread hands,"fantasy RPG spell icon, thin sheet of flames fanning from spread hands, single centered emblem, painterly hand-painted style, rich colors, dark vignette background, fiery orange and red glow, square, no text, no border","medieval fantasy illustration of a sorcerer casting the spell Burning Hands: thin sheet of flames fanning from spread hands, dramatic lighting, painterly D&D book art, wide 16:9, no text"
1º círculo,Mísseis Mágicos,Magic Missile,Evocação,public/images/magias/icones/misseis-magicos.webp,public/images/magias/ilustracoes/misseis-magicos-1.webp,three glowing darts of force streaking forward,"fantasy RPG spell icon, three glowing darts of force streaking forward, single centered emblem, painterly hand-painted style, rich colors, dark vignette background, fiery orange and red glow, square, no text, no border","medieval fantasy illustration of a sorcerer casting the spell Magic Missile: three glowing darts of force streaking forward, dramatic lighting, painterly D&D book art, wide 16:9, no text"
1º círculo,Névoa Obscurecente,Fog Cloud,Conjuração,public/images/magias/icones/nevoa-obscurecente.webp,public/images/magias/ilustracoes/nevoa-obscurecente-1.webp,thick sphere of grey fog,"fantasy RPG spell icon, thick sphere of grey fog, single centered emblem, painterly hand-painted style, rich colors, dark vignette background, golden yellow glow, square, no text, no border","medieval fantasy illustration of a druid casting the spell Fog Cloud: thick sphere of grey fog, dramatic lighting, painterly D&D book art, wide 16:9, no text"
1º círculo,Onda Trovejante,Thunderwave,Evocação,public/images/magias/icones/onda-trovejante.webp,public/images/magias/ilustracoes/onda-trovejante-1.webp,wave of thunderous force blasting outward,"fantasy RPG spell icon, wave of thunderous force blasting outward, single centered emblem, painterly hand-painted style, rich colors, dark vignette background, fiery orange and red glow, square, no text, no border","medieval fantasy illustration of a bard casting the spell Thunderwave: wave of thunderous force blasting outward, dramatic lighting, painterly D&D book art, wide 16:9, no text"
1º círculo,Orbe Cromático,Chromatic Orb,Evocação,public/images/magias/icones/orbe-cromatico.webp,public/images/magias/ilustracoes/orbe-cromatico-1.webp,"orb shifting between fire, ice, lightning, acid colors","fantasy RPG spell icon, orb shifting between fire, ice, lightning, acid colors, single centered emblem, painterly hand-painted style, rich colors, dark vignette background, fiery orange and red glow, square, no text, no border","medieval fantasy illustration of a sorcerer casting the spell Chromatic Orb: orb shifting between fire, ice, lightning, acid colors, dramatic lighting, painterly D&D book art, wide 16:9, no text"
1º círculo,Palavra Curativa,Healing Word,Abjuração,public/images/magias/icones/palavra-curativa.webp,public/images/magias/ilustracoes/palavra-curativa-1.webp,spoken word of healing as golden letters,"fantasy RPG spell icon, spoken word of healing as golden letters, single centered emblem, painterly hand-painted style, rich colors, dark vignette background, pale blue glow, square, no text, no border","medieval fantasy illustration of a bard casting the spell Healing Word: spoken word of healing as golden letters, dramatic lighting, painterly D&D book art, wide 16:9, no text"
1º círculo,Passos Largos,Longstrider,Transmutação,public/images/magias/icones/passos-largos.webp,public/images/magias/ilustracoes/passos-largos-1.webp,"boots with glowing magic stride, long footsteps","fantasy RPG spell icon, boots with glowing magic stride, long footsteps, single centered emblem, painterly hand-painted style, rich colors, dark vignette background, emerald green and amber glow, square, no text, no border","medieval fantasy illustration of a bard casting the spell Longstrider: boots with glowing magic stride, long footsteps, dramatic lighting, painterly D&D book art, wide 16:9, no text"
1º círculo,Perdição,Bane,Encantamento,public/images/magias/icones/perdicao.webp,public/images/magias/ilustracoes/perdicao-1.webp,"dark sigil weakening, chains of shadow, cursed aura","fantasy RPG spell icon, dark sigil weakening, chains of shadow, cursed aura, single centered emblem, painterly hand-painted style, rich colors, dark vignette background, pink and magenta glow, square, no text, no border","medieval fantasy illustration of a bard casting the spell Bane: dark sigil weakening, chains of shadow, cursed aura, dramatic lighting, painterly D&D book art, wide 16:9, no text"
1º círculo,Proteção contra o Bem e o Mal,Protection from Evil and Good,Abjuração,public/images/magias/icones/protecao-contra-o-bem-e-o-mal.webp,public/images/magias/ilustracoes/protecao-contra-o-bem-e-o-mal-1.webp,protective rune circle repelling demon and angel,"fantasy RPG spell icon, protective rune circle repelling demon and angel, single centered emblem, painterly hand-painted style, rich colors, dark vignette background, pale blue glow, square, no text, no border","medieval fantasy illustration of a warlock casting the spell Protection from Evil and Good: protective rune circle repelling demon and angel, dramatic lighting, painterly D&D book art, wide 16:9, no text"
1º círculo,Purificar Alimentos e Bebidas,Purify Food and Drink,Transmutação,public/images/magias/icones/purificar-alimentos-e-bebidas.webp,public/images/magias/ilustracoes/purificar-alimentos-e-bebidas-1.webp,goblet of water purified by sparkling light,"fantasy RPG spell icon, goblet of water purified by sparkling light, single centered emblem, painterly hand-painted style, rich colors, dark vignette background, emerald green and amber glow, square, no text, no border","medieval fantasy illustration of a cleric casting the spell Purify Food and Drink: goblet of water purified by sparkling light, dramatic lighting, painterly D&D book art, wide 16:9, no text"
1º círculo,Queda Suave,Feather Fall,Transmutação,public/images/magias/icones/queda-suave.webp,public/images/magias/ilustracoes/queda-suave-1.webp,"person falling slowly like a feather, floating feathers","fantasy RPG spell icon, person falling slowly like a feather, floating feathers, single centered emblem, painterly hand-painted style, rich colors, dark vignette background, emerald green and amber glow, square, no text, no border","medieval fantasy illustration of a bard casting the spell Feather Fall: person falling slowly like a feather, floating feathers, dramatic lighting, painterly D&D book art, wide 16:9, no text"
1º círculo,Raio Adoecedor,Ray of Sickness,Necromancia,public/images/magias/icones/raio-adoecedor.webp,public/images/magias/ilustracoes/raio-adoecedor-1.webp,sickly green ray of poison,"fantasy RPG spell icon, sickly green ray of poison, single centered emblem, painterly hand-painted style, rich colors, dark vignette background, sickly green and black glow, square, no text, no border","medieval fantasy illustration of a sorcerer casting the spell Ray of Sickness: sickly green ray of poison, dramatic lighting, painterly D&D book art, wide 16:9, no text"
1º círculo,Raio Guiador,Guiding Bolt,Evocação,public/images/magias/icones/raio-guiador.webp,public/images/magias/ilustracoes/raio-guiador-1.webp,flash of radiant light streaking toward a target,"fantasy RPG spell icon, flash of radiant light streaking toward a target, single centered emblem, painterly hand-painted style, rich colors, dark vignette background, fiery orange and red glow, square, no text, no border","medieval fantasy illustration of a cleric casting the spell Guiding Bolt: flash of radiant light streaking toward a target, dramatic lighting, painterly D&D book art, wide 16:9, no text"
1º círculo,Recuo Acelerado,Expeditious Retreat,Transmutação,public/images/magias/icones/recuo-acelerado.webp,public/images/magias/ilustracoes/recuo-acelerado-1.webp,"blurred running figure, speed lines, wind trail","fantasy RPG spell icon, blurred running figure, speed lines, wind trail, single centered emblem, painterly hand-painted style, rich colors, dark vignette background, emerald green and amber glow, square, no text, no border","medieval fantasy illustration of a warlock casting the spell Expeditious Retreat: blurred running figure, speed lines, wind trail, dramatic lighting, painterly D&D book art, wide 16:9, no text"
1º círculo,Repreensão Infernal,Hellish Rebuke,Evocação,public/images/magias/icones/repreensao-infernal.webp,public/images/magias/ilustracoes/repreensao-infernal-1.webp,"hellish flames engulfing an attacker, fiendish","fantasy RPG spell icon, hellish flames engulfing an attacker, fiendish, single centered emblem, painterly hand-painted style, rich colors, dark vignette background, fiery orange and red glow, square, no text, no border","medieval fantasy illustration of a warlock casting the spell Hellish Rebuke: hellish flames engulfing an attacker, fiendish, dramatic lighting, painterly D&D book art, wide 16:9, no text"
1º círculo,Riso Histérico,Hideous Laughter,Encantamento,public/images/magias/icones/riso-histerico.webp,public/images/magias/ilustracoes/riso-histerico-1.webp,"creature collapsed laughing uncontrollably, comic mask","fantasy RPG spell icon, creature collapsed laughing uncontrollably, comic mask, single centered emblem, painterly hand-painted style, rich colors, dark vignette background, pink and magenta glow, square, no text, no border","medieval fantasy illustration of a bard casting the spell Hideous Laughter: creature collapsed laughing uncontrollably, comic mask, dramatic lighting, painterly D&D book art, wide 16:9, no text"
1º círculo,Salto,Jump,Transmutação,public/images/magias/icones/salto.webp,public/images/magias/ilustracoes/salto-1.webp,"figure leaping high into the air, wind swirl at feet","fantasy RPG spell icon, figure leaping high into the air, wind swirl at feet, single centered emblem, painterly hand-painted style, rich colors, dark vignette background, emerald green and amber glow, square, no text, no border","medieval fantasy illustration of a druid casting the spell Jump: figure leaping high into the air, wind swirl at feet, dramatic lighting, painterly D&D book art, wide 16:9, no text"
1º círculo,Santuário,Sanctuary,Abjuração,public/images/magias/icones/santuario.webp,public/images/magias/ilustracoes/santuario-1.webp,protective bubble of soft light around a cleric,"fantasy RPG spell icon, protective bubble of soft light around a cleric, single centered emblem, painterly hand-painted style, rich colors, dark vignette background, pale blue glow, square, no text, no border","medieval fantasy illustration of a cleric casting the spell Sanctuary: protective bubble of soft light around a cleric, dramatic lighting, painterly D&D book art, wide 16:9, no text"
1º círculo,Servo Invisível,Unseen Servant,Conjuração,public/images/magias/icones/servo-invisivel.webp,public/images/magias/ilustracoes/servo-invisivel-1.webp,"invisible servant carrying a tray, floating objects","fantasy RPG spell icon, invisible servant carrying a tray, floating objects, single centered emblem, painterly hand-painted style, rich colors, dark vignette background, golden yellow glow, square, no text, no border","medieval fantasy illustration of a bard casting the spell Unseen Servant: invisible servant carrying a tray, floating objects, dramatic lighting, painterly D&D book art, wide 16:9, no text"
1º círculo,Sono,Sleep,Encantamento,public/images/magias/icones/sono.webp,public/images/magias/ilustracoes/sono-1.webp,"drowsy figures falling asleep, sparkling sand, crescent moon","fantasy RPG spell icon, drowsy figures falling asleep, sparkling sand, crescent moon, single centered emblem, painterly hand-painted style, rich colors, dark vignette background, pink and magenta glow, square, no text, no border","medieval fantasy illustration of a bard casting the spell Sleep: drowsy figures falling asleep, sparkling sand, crescent moon, dramatic lighting, painterly D&D book art, wide 16:9, no text"
1º círculo,Sussurros Dissonantes,Dissonant Whispers,Encantamento,public/images/magias/icones/sussurros-dissonantes.webp,public/images/magias/ilustracoes/sussurros-dissonantes-1.webp,twisted whispers as dark sound waves into an ear,"fantasy RPG spell icon, twisted whispers as dark sound waves into an ear, single centered emblem, painterly hand-painted style, rich colors, dark vignette background, pink and magenta glow, square, no text, no border","medieval fantasy illustration of a bard casting the spell Dissonant Whispers: twisted whispers as dark sound waves into an ear, dramatic lighting, painterly D&D book art, wide 16:9, no text"
1º círculo,Vida Falsa,False Life,Necromancia,public/images/magias/icones/vida-falsa.webp,public/images/magias/ilustracoes/vida-falsa-1.webp,"dark necrotic vitality filling a body, pale green aura","fantasy RPG spell icon, dark necrotic vitality filling a body, pale green aura, single centered emblem, painterly hand-painted style, rich colors, dark vignette background, sickly green and black glow, square, no text, no border","medieval fantasy illustration of a sorcerer casting the spell False Life: dark necrotic vitality filling a body, pale green aura, dramatic lighting, painterly D&D book art, wide 16:9, no text"
1º círculo,Área Escorregadia,Grease,Conjuração,public/images/magias/icones/area-escorregadia.webp,public/images/magias/ilustracoes/area-escorregadia-1.webp,"slick puddle of grease, a figure slipping","fantasy RPG spell icon, slick puddle of grease, a figure slipping, single centered emblem, painterly hand-painted style, rich colors, dark vignette background, golden yellow glow, square, no text, no border","medieval fantasy illustration of a sorcerer casting the spell Grease: slick puddle of grease, a figure slipping, dramatic lighting, painterly D&D book art, wide 16:9, no text"
2º círculo,Acalmar Emoções,Calm Emotions,Encantamento,public/images/magias/icones/acalmar-emocoes.webp,public/images/magias/ilustracoes/acalmar-emocoes-1.webp,soothing blue aura calming an angry crowd,"fantasy RPG spell icon, soothing blue aura calming an angry crowd, single centered emblem, painterly hand-painted style, rich colors, dark vignette background, pink and magenta glow, square, no text, no border","medieval fantasy illustration of a bard casting the spell Calm Emotions: soothing blue aura calming an angry crowd, dramatic lighting, painterly D&D book art, wide 16:9, no text"
2º círculo,Alterar-se,Alter Self,Transmutação,public/images/magias/icones/alterar-se.webp,public/images/magias/ilustracoes/alterar-se-1.webp,"body transforming, gills, claws, shifting features","fantasy RPG spell icon, body transforming, gills, claws, shifting features, single centered emblem, painterly hand-painted style, rich colors, dark vignette background, emerald green and amber glow, square, no text, no border","medieval fantasy illustration of a sorcerer casting the spell Alter Self: body transforming, gills, claws, shifting features, dramatic lighting, painterly D&D book art, wide 16:9, no text"
2º círculo,Aprimorar Atributo,Enhance Ability,Transmutação,public/images/magias/icones/aprimorar-atributo.webp,public/images/magias/ilustracoes/aprimorar-atributo-1.webp,"glowing animal spirits (bull, cat, bear, eagle, fox, owl) empowering","fantasy RPG spell icon, glowing animal spirits (bull, cat, bear, eagle, fox, owl) empowering, single centered emblem, painterly hand-painted style, rich colors, dark vignette background, emerald green and amber glow, square, no text, no border","medieval fantasy illustration of a bard casting the spell Enhance Ability: glowing animal spirits (bull, cat, bear, eagle, fox, owl) empowering, dramatic lighting, painterly D&D book art, wide 16:9, no text"
2º círculo,Arma Espiritual,Spiritual Weapon,Evocação,public/images/magias/icones/arma-espiritual.webp,public/images/magias/ilustracoes/arma-espiritual-1.webp,floating spectral weapon of faith,"fantasy RPG spell icon, floating spectral weapon of faith, single centered emblem, painterly hand-painted style, rich colors, dark vignette background, fiery orange and red glow, square, no text, no border","medieval fantasy illustration of a cleric casting the spell Spiritual Weapon: floating spectral weapon of faith, dramatic lighting, painterly D&D book art, wide 16:9, no text"
2º círculo,Arma Mágica,Magic Weapon,Transmutação,public/images/magias/icones/arma-magica.webp,public/images/magias/ilustracoes/arma-magica-1.webp,ordinary sword glowing with arcane runes,"fantasy RPG spell icon, ordinary sword glowing with arcane runes, single centered emblem, painterly hand-painted style, rich colors, dark vignette background, emerald green and amber glow, square, no text, no border","medieval fantasy illustration of a sorcerer casting the spell Magic Weapon: ordinary sword glowing with arcane runes, dramatic lighting, painterly D&D book art, wide 16:9, no text"
2º círculo,Arrombar,Knock,Transmutação,public/images/magias/icones/arrombar.webp,public/images/magias/ilustracoes/arrombar-1.webp,locked door bursting open with a loud knock,"fantasy RPG spell icon, locked door bursting open with a loud knock, single centered emblem, painterly hand-painted style, rich colors, dark vignette background, emerald green and amber glow, square, no text, no border","medieval fantasy illustration of a bard casting the spell Knock: locked door bursting open with a loud knock, dramatic lighting, painterly D&D book art, wide 16:9, no text"
2º círculo,Augúrio,Augury,Adivinhação,public/images/magias/icones/augurio.webp,public/images/magias/ilustracoes/augurio-1.webp,"casting omen stones and tarot, weal and woe glyphs","fantasy RPG spell icon, casting omen stones and tarot, weal and woe glyphs, single centered emblem, painterly hand-painted style, rich colors, dark vignette background, silver and white glow, square, no text, no border","medieval fantasy illustration of a cleric casting the spell Augury: casting omen stones and tarot, weal and woe glyphs, dramatic lighting, painterly D&D book art, wide 16:9, no text"
2º círculo,Aumentar/Reduzir,Enlarge/Reduce,Transmutação,public/images/magias/icones/aumentar-reduzir.webp,public/images/magias/ilustracoes/aumentar-reduzir-1.webp,figure growing giant and shrinking tiny side by side,"fantasy RPG spell icon, figure growing giant and shrinking tiny side by side, single centered emblem, painterly hand-painted style, rich colors, dark vignette background, emerald green and amber glow, square, no text, no border","medieval fantasy illustration of a bard casting the spell Enlarge/Reduce: figure growing giant and shrinking tiny side by side, dramatic lighting, painterly D&D book art, wide 16:9, no text"
2º círculo,Aura Mágica do Arcanista,Arcanist's Magic Aura,Ilusão,public/images/magias/icones/aura-magica-do-arcanista.webp,public/images/magias/ilustracoes/aura-magica-do-arcanista-1.webp,false magical aura disguising an item,"fantasy RPG spell icon, false magical aura disguising an item, single centered emblem, painterly hand-painted style, rich colors, dark vignette background, violet glow, square, no text, no border","medieval fantasy illustration of a wizard casting the spell Arcanist's Magic Aura: false magical aura disguising an item, dramatic lighting, painterly D&D book art, wide 16:9, no text"
2º círculo,Auxílio,Aid,Abjuração,public/images/magias/icones/auxilio.webp,public/images/magias/ilustracoes/auxilio-1.webp,"ally standing bolstered, golden vitality aura","fantasy RPG spell icon, ally standing bolstered, golden vitality aura, single centered emblem, painterly hand-painted style, rich colors, dark vignette background, pale blue glow, square, no text, no border","medieval fantasy illustration of a bard casting the spell Aid: ally standing bolstered, golden vitality aura, dramatic lighting, painterly D&D book art, wide 16:9, no text"
2º círculo,Boca Encantada,Magic Mouth,Ilusão,public/images/magias/icones/boca-encantada.webp,public/images/magias/ilustracoes/boca-encantada-1.webp,"magical mouth appearing on a wall, speaking","fantasy RPG spell icon, magical mouth appearing on a wall, speaking, single centered emblem, painterly hand-painted style, rich colors, dark vignette background, violet glow, square, no text, no border","medieval fantasy illustration of a bard casting the spell Magic Mouth: magical mouth appearing on a wall, speaking, dramatic lighting, painterly D&D book art, wide 16:9, no text"
2º círculo,Cegueira/Surdez,Blindness/Deafness,Transmutação,public/images/magias/icones/cegueira-surdez.webp,public/images/magias/ilustracoes/cegueira-surdez-1.webp,"eye and ear covered in shadow, sense blocked","fantasy RPG spell icon, eye and ear covered in shadow, sense blocked, single centered emblem, painterly hand-painted style, rich colors, dark vignette background, emerald green and amber glow, square, no text, no border","medieval fantasy illustration of a bard casting the spell Blindness/Deafness: eye and ear covered in shadow, sense blocked, dramatic lighting, painterly D&D book art, wide 16:9, no text"
2º círculo,Chama Contínua,Continual Flame,Evocação,public/images/magias/icones/chama-continua.webp,public/images/magias/ilustracoes/chama-continua-1.webp,eternal flame burning without heat in a sconce,"fantasy RPG spell icon, eternal flame burning without heat in a sconce, single centered emblem, painterly hand-painted style, rich colors, dark vignette background, fiery orange and red glow, square, no text, no border","medieval fantasy illustration of a cleric casting the spell Continual Flame: eternal flame burning without heat in a sconce, dramatic lighting, painterly D&D book art, wide 16:9, no text"
2º círculo,Crescer Espinhos,Spike Growth,Transmutação,public/images/magias/icones/crescer-espinhos.webp,public/images/magias/ilustracoes/crescer-espinhos-1.webp,ground covered in sharp hidden thorns,"fantasy RPG spell icon, ground covered in sharp hidden thorns, single centered emblem, painterly hand-painted style, rich colors, dark vignette background, emerald green and amber glow, square, no text, no border","medieval fantasy illustration of a druid casting the spell Spike Growth: ground covered in sharp hidden thorns, dramatic lighting, painterly D&D book art, wide 16:9, no text"
2º círculo,Despedaçar,Shatter,Evocação,public/images/magias/icones/despedacar.webp,public/images/magias/ilustracoes/despedacar-1.webp,glass and stone shattering from a sonic burst,"fantasy RPG spell icon, glass and stone shattering from a sonic burst, single centered emblem, painterly hand-painted style, rich colors, dark vignette background, fiery orange and red glow, square, no text, no border","medieval fantasy illustration of a bard casting the spell Shatter: glass and stone shattering from a sonic burst, dramatic lighting, painterly D&D book art, wide 16:9, no text"
2º círculo,Destruição Reluzente,Shining Smite,Transmutação,public/images/magias/icones/destruicao-reluzente.webp,public/images/magias/ilustracoes/destruicao-reluzente-1.webp,weapon strike making a foe glow with light,"fantasy RPG spell icon, weapon strike making a foe glow with light, single centered emblem, painterly hand-painted style, rich colors, dark vignette background, emerald green and amber glow, square, no text, no border","medieval fantasy illustration of a paladin casting the spell Shining Smite: weapon strike making a foe glow with light, dramatic lighting, painterly D&D book art, wide 16:9, no text"
2º círculo,Detectar Pensamentos,Detect Thoughts,Adivinhação,public/images/magias/icones/detectar-pensamentos.webp,public/images/magias/ilustracoes/detectar-pensamentos-1.webp,glowing third eye reading another's thoughts,"fantasy RPG spell icon, glowing third eye reading another's thoughts, single centered emblem, painterly hand-painted style, rich colors, dark vignette background, silver and white glow, square, no text, no border","medieval fantasy illustration of a bard casting the spell Detect Thoughts: glowing third eye reading another's thoughts, dramatic lighting, painterly D&D book art, wide 16:9, no text"
2º círculo,Encontrar Armadilhas,Find Traps,Adivinhação,public/images/magias/icones/encontrar-armadilhas.webp,public/images/magias/ilustracoes/encontrar-armadilhas-1.webp,glowing outline revealing a hidden trap,"fantasy RPG spell icon, glowing outline revealing a hidden trap, single centered emblem, painterly hand-painted style, rich colors, dark vignette background, silver and white glow, square, no text, no border","medieval fantasy illustration of a cleric casting the spell Find Traps: glowing outline revealing a hidden trap, dramatic lighting, painterly D&D book art, wide 16:9, no text"
2º círculo,Encontrar Montaria,Find Steed,Conjuração,public/images/magias/icones/encontrar-montaria.webp,public/images/magias/ilustracoes/encontrar-montaria-1.webp,spectral warhorse summoned in light,"fantasy RPG spell icon, spectral warhorse summoned in light, single centered emblem, painterly hand-painted style, rich colors, dark vignette background, golden yellow glow, square, no text, no border","medieval fantasy illustration of a paladin casting the spell Find Steed: spectral warhorse summoned in light, dramatic lighting, painterly D&D book art, wide 16:9, no text"
2º círculo,Escuridão,Darkness,Evocação,public/images/magias/icones/escuridao.webp,public/images/magias/ilustracoes/escuridao-1.webp,sphere of magical darkness swallowing light,"fantasy RPG spell icon, sphere of magical darkness swallowing light, single centered emblem, painterly hand-painted style, rich colors, dark vignette background, fiery orange and red glow, square, no text, no border","medieval fantasy illustration of a warlock casting the spell Darkness: sphere of magical darkness swallowing light, dramatic lighting, painterly D&D book art, wide 16:9, no text"
2º círculo,Esfera Flamejante,Flaming Sphere,Conjuração,public/images/magias/icones/esfera-flamejante.webp,public/images/magias/ilustracoes/esfera-flamejante-1.webp,rolling ball of fire,"fantasy RPG spell icon, rolling ball of fire, single centered emblem, painterly hand-painted style, rich colors, dark vignette background, golden yellow glow, square, no text, no border","medieval fantasy illustration of a druid casting the spell Flaming Sphere: rolling ball of fire, dramatic lighting, painterly D&D book art, wide 16:9, no text"
2º círculo,Espinho Mental,Mind Spike,Adivinhação,public/images/magias/icones/espinho-mental.webp,public/images/magias/ilustracoes/espinho-mental-1.webp,psychic spike piercing a mind,"fantasy RPG spell icon, psychic spike piercing a mind, single centered emblem, painterly hand-painted style, rich colors, dark vignette background, silver and white glow, square, no text, no border","medieval fantasy illustration of a warlock casting the spell Mind Spike: psychic spike piercing a mind, dramatic lighting, painterly D&D book art, wide 16:9, no text"
2º círculo,Esquentar Metal,Heat Metal,Transmutação,public/images/magias/icones/esquentar-metal.webp,public/images/magias/ilustracoes/esquentar-metal-1.webp,glowing red-hot metal armor,"fantasy RPG spell icon, glowing red-hot metal armor, single centered emblem, painterly hand-painted style, rich colors, dark vignette background, emerald green and amber glow, square, no text, no border","medieval fantasy illustration of a bard casting the spell Heat Metal: glowing red-hot metal armor, dramatic lighting, painterly D&D book art, wide 16:9, no text"
2º círculo,Fascinar,Enthrall,Encantamento,public/images/magias/icones/fascinar.webp,public/images/magias/ilustracoes/fascinar-1.webp,"captivating orator, entranced listeners","fantasy RPG spell icon, captivating orator, entranced listeners, single centered emblem, painterly hand-painted style, rich colors, dark vignette background, pink and magenta glow, square, no text, no border","medieval fantasy illustration of a bard casting the spell Enthrall: captivating orator, entranced listeners, dramatic lighting, painterly D&D book art, wide 16:9, no text"
2º círculo,Flecha Ácida,Acid Arrow,Evocação,public/images/magias/icones/flecha-acida.webp,public/images/magias/ilustracoes/flecha-acida-1.webp,"shimmering green arrow of acid, corrosive splash","fantasy RPG spell icon, shimmering green arrow of acid, corrosive splash, single centered emblem, painterly hand-painted style, rich colors, dark vignette background, fiery orange and red glow, square, no text, no border","medieval fantasy illustration of a wizard casting the spell Acid Arrow: shimmering green arrow of acid, corrosive splash, dramatic lighting, painterly D&D book art, wide 16:9, no text"
2º círculo,Força Fantasmagórica,Phantasmal Force,Ilusão,public/images/magias/icones/forca-fantasmagorica.webp,public/images/magias/ilustracoes/forca-fantasmagorica-1.webp,terrifying phantasm only one mind can see,"fantasy RPG spell icon, terrifying phantasm only one mind can see, single centered emblem, painterly hand-painted style, rich colors, dark vignette background, violet glow, square, no text, no border","medieval fantasy illustration of a bard casting the spell Phantasmal Force: terrifying phantasm only one mind can see, dramatic lighting, painterly D&D book art, wide 16:9, no text"
2º círculo,Imagem Espelhada,Mirror Image,Ilusão,public/images/magias/icones/imagem-espelhada.webp,public/images/magias/ilustracoes/imagem-espelhada-1.webp,three illusory duplicates of a mage,"fantasy RPG spell icon, three illusory duplicates of a mage, single centered emblem, painterly hand-painted style, rich colors, dark vignette background, violet glow, square, no text, no border","medieval fantasy illustration of a bard casting the spell Mirror Image: three illusory duplicates of a mage, dramatic lighting, painterly D&D book art, wide 16:9, no text"
2º círculo,Imobilizar Pessoa,Hold Person,Encantamento,public/images/magias/icones/imobilizar-pessoa.webp,public/images/magias/ilustracoes/imobilizar-pessoa-1.webp,person frozen mid-step by glowing chains of paralysis,"fantasy RPG spell icon, person frozen mid-step by glowing chains of paralysis, single centered emblem, painterly hand-painted style, rich colors, dark vignette background, pink and magenta glow, square, no text, no border","medieval fantasy illustration of a bard casting the spell Hold Person: person frozen mid-step by glowing chains of paralysis, dramatic lighting, painterly D&D book art, wide 16:9, no text"
2º círculo,Invisibilidade,Invisibility,Ilusão,public/images/magias/icones/invisibilidade.webp,public/images/magias/ilustracoes/invisibilidade-1.webp,"figure fading into invisibility, translucent silhouette","fantasy RPG spell icon, figure fading into invisibility, translucent silhouette, single centered emblem, painterly hand-painted style, rich colors, dark vignette background, violet glow, square, no text, no border","medieval fantasy illustration of a bard casting the spell Invisibility: figure fading into invisibility, translucent silhouette, dramatic lighting, painterly D&D book art, wide 16:9, no text"
2º círculo,Levitação,Levitate,Transmutação,public/images/magias/icones/levitacao.webp,public/images/magias/ilustracoes/levitacao-1.webp,figure floating in the air,"fantasy RPG spell icon, figure floating in the air, single centered emblem, painterly hand-painted style, rich colors, dark vignette background, emerald green and amber glow, square, no text, no border","medieval fantasy illustration of a sorcerer casting the spell Levitate: figure floating in the air, dramatic lighting, painterly D&D book art, wide 16:9, no text"
2º círculo,Localizar Animais ou Plantas,Locate Animals or Plants,Adivinhação,public/images/magias/icones/localizar-animais-ou-plantas.webp,public/images/magias/ilustracoes/localizar-animais-ou-plantas-1.webp,glowing trail leading to a rare flower and a deer,"fantasy RPG spell icon, glowing trail leading to a rare flower and a deer, single centered emblem, painterly hand-painted style, rich colors, dark vignette background, silver and white glow, square, no text, no border","medieval fantasy illustration of a bard casting the spell Locate Animals or Plants: glowing trail leading to a rare flower and a deer, dramatic lighting, painterly D&D book art, wide 16:9, no text"
2º círculo,Localizar Objeto,Locate Object,Adivinhação,public/images/magias/icones/localizar-objeto.webp,public/images/magias/ilustracoes/localizar-objeto-1.webp,glowing thread pointing to a lost object,"fantasy RPG spell icon, glowing thread pointing to a lost object, single centered emblem, painterly hand-painted style, rich colors, dark vignette background, silver and white glow, square, no text, no border","medieval fantasy illustration of a bard casting the spell Locate Object: glowing thread pointing to a lost object, dramatic lighting, painterly D&D book art, wide 16:9, no text"
2º círculo,Lufada de Vento,Gust of Wind,Evocação,public/images/magias/icones/lufada-de-vento.webp,public/images/magias/ilustracoes/lufada-de-vento-1.webp,strong line of wind blowing creatures back,"fantasy RPG spell icon, strong line of wind blowing creatures back, single centered emblem, painterly hand-painted style, rich colors, dark vignette background, fiery orange and red glow, square, no text, no border","medieval fantasy illustration of a druid casting the spell Gust of Wind: strong line of wind blowing creatures back, dramatic lighting, painterly D&D book art, wide 16:9, no text"
2º círculo,Lâmina Flamejante,Flame Blade,Evocação,public/images/magias/icones/lamina-flamejante.webp,public/images/magias/ilustracoes/lamina-flamejante-1.webp,scimitar of pure fire in a druid's hand,"fantasy RPG spell icon, scimitar of pure fire in a druid's hand, single centered emblem, painterly hand-painted style, rich colors, dark vignette background, fiery orange and red glow, square, no text, no border","medieval fantasy illustration of a druid casting the spell Flame Blade: scimitar of pure fire in a druid's hand, dramatic lighting, painterly D&D book art, wide 16:9, no text"
2º círculo,Mensageiro Animal,Animal Messenger,Encantamento,public/images/magias/icones/mensageiro-animal.webp,public/images/magias/ilustracoes/mensageiro-animal-1.webp,small bird carrying a rolled message,"fantasy RPG spell icon, small bird carrying a rolled message, single centered emblem, painterly hand-painted style, rich colors, dark vignette background, pink and magenta glow, square, no text, no border","medieval fantasy illustration of a bard casting the spell Animal Messenger: small bird carrying a rolled message, dramatic lighting, painterly D&D book art, wide 16:9, no text"
2º círculo,Nublar,Blur,Ilusão,public/images/magias/icones/nublar.webp,public/images/magias/ilustracoes/nublar-1.webp,figure's outline blurred and wavering,"fantasy RPG spell icon, figure's outline blurred and wavering, single centered emblem, painterly hand-painted style, rich colors, dark vignette background, violet glow, square, no text, no border","medieval fantasy illustration of a sorcerer casting the spell Blur: figure's outline blurred and wavering, dramatic lighting, painterly D&D book art, wide 16:9, no text"
2º círculo,Oração Curativa,Prayer of Healing,Abjuração,public/images/magias/icones/oracao-curativa.webp,public/images/magias/ilustracoes/oracao-curativa-1.webp,"priest praying, healing light spreading to allies","fantasy RPG spell icon, priest praying, healing light spreading to allies, single centered emblem, painterly hand-painted style, rich colors, dark vignette background, pale blue glow, square, no text, no border","medieval fantasy illustration of a cleric casting the spell Prayer of Healing: priest praying, healing light spreading to allies, dramatic lighting, painterly D&D book art, wide 16:9, no text"
2º círculo,Passo Nebuloso,Misty Step,Conjuração,public/images/magias/icones/passo-nebuloso.webp,public/images/magias/ilustracoes/passo-nebuloso-1.webp,"silvery mist teleport, figure vanishing and reappearing","fantasy RPG spell icon, silvery mist teleport, figure vanishing and reappearing, single centered emblem, painterly hand-painted style, rich colors, dark vignette background, golden yellow glow, square, no text, no border","medieval fantasy illustration of a warlock casting the spell Misty Step: silvery mist teleport, figure vanishing and reappearing, dramatic lighting, painterly D&D book art, wide 16:9, no text"
2º círculo,Passos sem Pegadas,Pass without Trace,Abjuração,public/images/magias/icones/passos-sem-pegadas.webp,public/images/magias/ilustracoes/passos-sem-pegadas-1.webp,"shadowy footprints vanishing, stealthy party in forest","fantasy RPG spell icon, shadowy footprints vanishing, stealthy party in forest, single centered emblem, painterly hand-painted style, rich colors, dark vignette background, pale blue glow, square, no text, no border","medieval fantasy illustration of a druid casting the spell Pass without Trace: shadowy footprints vanishing, stealthy party in forest, dramatic lighting, painterly D&D book art, wide 16:9, no text"
2º círculo,Patas de Aranha,Spider Climb,Transmutação,public/images/magias/icones/patas-de-aranha.webp,public/images/magias/ilustracoes/patas-de-aranha-1.webp,person walking on a wall like a spider,"fantasy RPG spell icon, person walking on a wall like a spider, single centered emblem, painterly hand-painted style, rich colors, dark vignette background, emerald green and amber glow, square, no text, no border","medieval fantasy illustration of a warlock casting the spell Spider Climb: person walking on a wall like a spider, dramatic lighting, painterly D&D book art, wide 16:9, no text"
2º círculo,Pele de Árvore,Barkskin,Transmutação,public/images/magias/icones/pele-de-arvore.webp,public/images/magias/ilustracoes/pele-de-arvore-1.webp,skin turning into tree bark armor,"fantasy RPG spell icon, skin turning into tree bark armor, single centered emblem, painterly hand-painted style, rich colors, dark vignette background, emerald green and amber glow, square, no text, no border","medieval fantasy illustration of a druid casting the spell Barkskin: skin turning into tree bark armor, dramatic lighting, painterly D&D book art, wide 16:9, no text"
2º círculo,Proteção contra Veneno,Protection from Poison,Abjuração,public/images/magias/icones/protecao-contra-veneno.webp,public/images/magias/ilustracoes/protecao-contra-veneno-1.webp,protective aura neutralizing green poison,"fantasy RPG spell icon, protective aura neutralizing green poison, single centered emblem, painterly hand-painted style, rich colors, dark vignette background, pale blue glow, square, no text, no border","medieval fantasy illustration of a cleric casting the spell Protection from Poison: protective aura neutralizing green poison, dramatic lighting, painterly D&D book art, wide 16:9, no text"
2º círculo,Raio Ardente,Scorching Ray,Evocação,public/images/magias/icones/raio-ardente.webp,public/images/magias/ilustracoes/raio-ardente-1.webp,three rays of fire,"fantasy RPG spell icon, three rays of fire, single centered emblem, painterly hand-painted style, rich colors, dark vignette background, fiery orange and red glow, square, no text, no border","medieval fantasy illustration of a sorcerer casting the spell Scorching Ray: three rays of fire, dramatic lighting, painterly D&D book art, wide 16:9, no text"
2º círculo,Raio Lunar,Moonbeam,Evocação,public/images/magias/icones/raio-lunar.webp,public/images/magias/ilustracoes/raio-lunar-1.webp,silver beam of moonlight from the sky,"fantasy RPG spell icon, silver beam of moonlight from the sky, single centered emblem, painterly hand-painted style, rich colors, dark vignette background, fiery orange and red glow, square, no text, no border","medieval fantasy illustration of a druid casting the spell Moonbeam: silver beam of moonlight from the sky, dramatic lighting, painterly D&D book art, wide 16:9, no text"
2º círculo,Raio do Enfraquecimento,Ray of Enfeeblement,Necromancia,public/images/magias/icones/raio-do-enfraquecimento.webp,public/images/magias/ilustracoes/raio-do-enfraquecimento-1.webp,black ray draining strength from a warrior,"fantasy RPG spell icon, black ray draining strength from a warrior, single centered emblem, painterly hand-painted style, rich colors, dark vignette background, sickly green and black glow, square, no text, no border","medieval fantasy illustration of a warlock casting the spell Ray of Enfeeblement: black ray draining strength from a warrior, dramatic lighting, painterly D&D book art, wide 16:9, no text"
2º círculo,Repouso Tranquilo,Gentle Repose,Necromancia,public/images/magias/icones/repouso-tranquilo.webp,public/images/magias/ilustracoes/repouso-tranquilo-1.webp,"preserved body with protective light, frozen time","fantasy RPG spell icon, preserved body with protective light, frozen time, single centered emblem, painterly hand-painted style, rich colors, dark vignette background, sickly green and black glow, square, no text, no border","medieval fantasy illustration of a cleric casting the spell Gentle Repose: preserved body with protective light, frozen time, dramatic lighting, painterly D&D book art, wide 16:9, no text"
2º círculo,Restauração Menor,Lesser Restoration,Abjuração,public/images/magias/icones/restauracao-menor.webp,public/images/magias/ilustracoes/restauracao-menor-1.webp,gentle light cleansing poison from a body,"fantasy RPG spell icon, gentle light cleansing poison from a body, single centered emblem, painterly hand-painted style, rich colors, dark vignette background, pale blue glow, square, no text, no border","medieval fantasy illustration of a bard casting the spell Lesser Restoration: gentle light cleansing poison from a body, dramatic lighting, painterly D&D book art, wide 16:9, no text"
2º círculo,Silêncio,Silence,Ilusão,public/images/magias/icones/silencio.webp,public/images/magias/ilustracoes/silencio-1.webp,"sphere of absolute silence, muted sound waves","fantasy RPG spell icon, sphere of absolute silence, muted sound waves, single centered emblem, painterly hand-painted style, rich colors, dark vignette background, violet glow, square, no text, no border","medieval fantasy illustration of a bard casting the spell Silence: sphere of absolute silence, muted sound waves, dramatic lighting, painterly D&D book art, wide 16:9, no text"
2º círculo,Sopro de Dragão,Dragon's Breath,Transmutação,public/images/magias/icones/sopro-de-dragao.webp,public/images/magias/ilustracoes/sopro-de-dragao-1.webp,caster exhaling a dragon-like cone of fire,"fantasy RPG spell icon, caster exhaling a dragon-like cone of fire, single centered emblem, painterly hand-painted style, rich colors, dark vignette background, emerald green and amber glow, square, no text, no border","medieval fantasy illustration of a sorcerer casting the spell Dragon's Breath: caster exhaling a dragon-like cone of fire, dramatic lighting, painterly D&D book art, wide 16:9, no text"
2º círculo,Sugestão,Suggestion,Encantamento,public/images/magias/icones/sugestao.webp,public/images/magias/ilustracoes/sugestao-1.webp,"hypnotic suggestion, spiral eyes, whispered command","fantasy RPG spell icon, hypnotic suggestion, spiral eyes, whispered command, single centered emblem, painterly hand-painted style, rich colors, dark vignette background, pink and magenta glow, square, no text, no border","medieval fantasy illustration of a bard casting the spell Suggestion: hypnotic suggestion, spiral eyes, whispered command, dramatic lighting, painterly D&D book art, wide 16:9, no text"
2º círculo,Teia,Web,Conjuração,public/images/magias/icones/teia.webp,public/images/magias/ilustracoes/teia-1.webp,thick sticky spider webs filling a corridor,"fantasy RPG spell icon, thick sticky spider webs filling a corridor, single centered emblem, painterly hand-painted style, rich colors, dark vignette background, golden yellow glow, square, no text, no border","medieval fantasy illustration of a sorcerer casting the spell Web: thick sticky spider webs filling a corridor, dramatic lighting, painterly D&D book art, wide 16:9, no text"
2º círculo,Tranca Arcana,Arcane Lock,Abjuração,public/images/magias/icones/tranca-arcana.webp,public/images/magias/ilustracoes/tranca-arcana-1.webp,door sealed by a glowing arcane lock rune,"fantasy RPG spell icon, door sealed by a glowing arcane lock rune, single centered emblem, painterly hand-painted style, rich colors, dark vignette background, pale blue glow, square, no text, no border","medieval fantasy illustration of a wizard casting the spell Arcane Lock: door sealed by a glowing arcane lock rune, dramatic lighting, painterly D&D book art, wide 16:9, no text"
2º círculo,Truque de Corda,Rope Trick,Transmutação,public/images/magias/icones/truque-de-corda.webp,public/images/magias/ilustracoes/truque-de-corda-1.webp,rope rising into the air to a hidden portal,"fantasy RPG spell icon, rope rising into the air to a hidden portal, single centered emblem, painterly hand-painted style, rich colors, dark vignette background, emerald green and amber glow, square, no text, no border","medieval fantasy illustration of a wizard casting the spell Rope Trick: rope rising into the air to a hidden portal, dramatic lighting, painterly D&D book art, wide 16:9, no text"
2º círculo,Ver o Invisível,See Invisibility,Adivinhação,public/images/magias/icones/ver-o-invisivel.webp,public/images/magias/ilustracoes/ver-o-invisivel-1.webp,eye revealing an invisible creature's outline,"fantasy RPG spell icon, eye revealing an invisible creature's outline, single centered emblem, painterly hand-painted style, rich colors, dark vignette background, silver and white glow, square, no text, no border","medieval fantasy illustration of a bard casting the spell See Invisibility: eye revealing an invisible creature's outline, dramatic lighting, painterly D&D book art, wide 16:9, no text"
2º círculo,Visão no Escuro,Darkvision,Transmutação,public/images/magias/icones/visao-no-escuro.webp,public/images/magias/ilustracoes/visao-no-escuro-1.webp,"glowing eyes seeing in the dark, grey-green vision","fantasy RPG spell icon, glowing eyes seeing in the dark, grey-green vision, single centered emblem, painterly hand-painted style, rich colors, dark vignette background, emerald green and amber glow, square, no text, no border","medieval fantasy illustration of a druid casting the spell Darkvision: glowing eyes seeing in the dark, grey-green vision, dramatic lighting, painterly D&D book art, wide 16:9, no text"
2º círculo,Vínculo Protetor,Warding Bond,Abjuração,public/images/magias/icones/vinculo-protetor.webp,public/images/magias/ilustracoes/vinculo-protetor-1.webp,"glowing bond linking two allies, shared protection","fantasy RPG spell icon, glowing bond linking two allies, shared protection, single centered emblem, painterly hand-painted style, rich colors, dark vignette background, pale blue glow, square, no text, no border","medieval fantasy illustration of a cleric casting the spell Warding Bond: glowing bond linking two allies, shared protection, dramatic lighting, painterly D&D book art, wide 16:9, no text"
2º círculo,Zona da Verdade,Zone of Truth,Encantamento,public/images/magias/icones/zona-da-verdade.webp,public/images/magias/ilustracoes/zona-da-verdade-1.webp,"circle of truth light, honest faces","fantasy RPG spell icon, circle of truth light, honest faces, single centered emblem, painterly hand-painted style, rich colors, dark vignette background, pink and magenta glow, square, no text, no border","medieval fantasy illustration of a bard casting the spell Zone of Truth: circle of truth light, honest faces, dramatic lighting, painterly D&D book art, wide 16:9, no text"
3º círculo,Ampliar Plantas,Plant Growth,Transmutação,public/images/magias/icones/ampliar-plantas.webp,public/images/magias/ilustracoes/ampliar-plantas-1.webp,"overgrown thick vegetation, fertile fields","fantasy RPG spell icon, overgrown thick vegetation, fertile fields, single centered emblem, painterly hand-painted style, rich colors, dark vignette background, emerald green and amber glow, square, no text, no border","medieval fantasy illustration of a bard casting the spell Plant Growth: overgrown thick vegetation, fertile fields, dramatic lighting, painterly D&D book art, wide 16:9, no text"
3º círculo,Andar na Água,Water Walk,Transmutação,public/images/magias/icones/andar-na-agua.webp,public/images/magias/ilustracoes/andar-na-agua-1.webp,figure walking on water surface,"fantasy RPG spell icon, figure walking on water surface, single centered emblem, painterly hand-painted style, rich colors, dark vignette background, emerald green and amber glow, square, no text, no border","medieval fantasy illustration of a cleric casting the spell Water Walk: figure walking on water surface, dramatic lighting, painterly D&D book art, wide 16:9, no text"
3º círculo,Animar os Mortos,Animate Dead,Necromancia,public/images/magias/icones/animar-os-mortos.webp,public/images/magias/ilustracoes/animar-os-mortos-1.webp,"skeletons rising from graves, necromantic green light","fantasy RPG spell icon, skeletons rising from graves, necromantic green light, single centered emblem, painterly hand-painted style, rich colors, dark vignette background, sickly green and black glow, square, no text, no border","medieval fantasy illustration of a cleric casting the spell Animate Dead: skeletons rising from graves, necromantic green light, dramatic lighting, painterly D&D book art, wide 16:9, no text"
3º círculo,Bola de Fogo,Fireball,Evocação,public/images/magias/icones/bola-de-fogo.webp,public/images/magias/ilustracoes/bola-de-fogo-1.webp,bead of fire blossoming into a huge explosion,"fantasy RPG spell icon, bead of fire blossoming into a huge explosion, single centered emblem, painterly hand-painted style, rich colors, dark vignette background, fiery orange and red glow, square, no text, no border","medieval fantasy illustration of a sorcerer casting the spell Fireball: bead of fire blossoming into a huge explosion, dramatic lighting, painterly D&D book art, wide 16:9, no text"
3º círculo,Clarividência,Clairvoyance,Adivinhação,public/images/magias/icones/clarividencia.webp,public/images/magias/ilustracoes/clarividencia-1.webp,floating invisible sensor eye watching a distant room,"fantasy RPG spell icon, floating invisible sensor eye watching a distant room, single centered emblem, painterly hand-painted style, rich colors, dark vignette background, silver and white glow, square, no text, no border","medieval fantasy illustration of a bard casting the spell Clairvoyance: floating invisible sensor eye watching a distant room, dramatic lighting, painterly D&D book art, wide 16:9, no text"
3º círculo,Conjurar Animais,Conjure Animals,Conjuração,public/images/magias/icones/conjurar-animais.webp,public/images/magias/ilustracoes/conjurar-animais-1.webp,spectral pack of wolves summoned,"fantasy RPG spell icon, spectral pack of wolves summoned, single centered emblem, painterly hand-painted style, rich colors, dark vignette background, golden yellow glow, square, no text, no border","medieval fantasy illustration of a druid casting the spell Conjure Animals: spectral pack of wolves summoned, dramatic lighting, painterly D&D book art, wide 16:9, no text"
3º círculo,Contramágica,Counterspell,Abjuração,public/images/magias/icones/contramagica.webp,public/images/magias/ilustracoes/contramagica-1.webp,"spell unraveling into broken runes, mage blocking","fantasy RPG spell icon, spell unraveling into broken runes, mage blocking, single centered emblem, painterly hand-painted style, rich colors, dark vignette background, pale blue glow, square, no text, no border","medieval fantasy illustration of a warlock casting the spell Counterspell: spell unraveling into broken runes, mage blocking, dramatic lighting, painterly D&D book art, wide 16:9, no text"
3º círculo,Convocar Relâmpagos,Call Lightning,Conjuração,public/images/magias/icones/convocar-relampagos.webp,public/images/magias/ilustracoes/convocar-relampagos-1.webp,storm cloud calling a lightning bolt down,"fantasy RPG spell icon, storm cloud calling a lightning bolt down, single centered emblem, painterly hand-painted style, rich colors, dark vignette background, golden yellow glow, square, no text, no border","medieval fantasy illustration of a druid casting the spell Call Lightning: storm cloud calling a lightning bolt down, dramatic lighting, painterly D&D book art, wide 16:9, no text"
3º círculo,Corcel Fantasma,Phantom Steed,Ilusão,public/images/magias/icones/corcel-fantasma.webp,public/images/magias/ilustracoes/corcel-fantasma-1.webp,ghostly quasi-real horse galloping,"fantasy RPG spell icon, ghostly quasi-real horse galloping, single centered emblem, painterly hand-painted style, rich colors, dark vignette background, violet glow, square, no text, no border","medieval fantasy illustration of a wizard casting the spell Phantom Steed: ghostly quasi-real horse galloping, dramatic lighting, painterly D&D book art, wide 16:9, no text"
3º círculo,Criar Alimentos e Água,Create Food and Water,Conjuração,public/images/magias/icones/criar-alimentos-e-agua.webp,public/images/magias/ilustracoes/criar-alimentos-e-agua-1.webp,bountiful table of bread and water appearing,"fantasy RPG spell icon, bountiful table of bread and water appearing, single centered emblem, painterly hand-painted style, rich colors, dark vignette background, golden yellow glow, square, no text, no border","medieval fantasy illustration of a cleric casting the spell Create Food and Water: bountiful table of bread and water appearing, dramatic lighting, painterly D&D book art, wide 16:9, no text"
3º círculo,Círculo Mágico,Magic Circle,Abjuração,public/images/magias/icones/circulo-magico.webp,public/images/magias/ilustracoes/circulo-magico-1.webp,inscribed magic circle trapping a demon,"fantasy RPG spell icon, inscribed magic circle trapping a demon, single centered emblem, painterly hand-painted style, rich colors, dark vignette background, pale blue glow, square, no text, no border","medieval fantasy illustration of a warlock casting the spell Magic Circle: inscribed magic circle trapping a demon, dramatic lighting, painterly D&D book art, wide 16:9, no text"
3º círculo,Dificultar Detecção,Nondetection,Abjuração,public/images/magias/icones/dificultar-deteccao.webp,public/images/magias/ilustracoes/dificultar-deteccao-1.webp,"figure hidden from a scrying eye, veil","fantasy RPG spell icon, figure hidden from a scrying eye, veil, single centered emblem, painterly hand-painted style, rich colors, dark vignette background, pale blue glow, square, no text, no border","medieval fantasy illustration of a bard casting the spell Nondetection: figure hidden from a scrying eye, veil, dramatic lighting, painterly D&D book art, wide 16:9, no text"
3º círculo,Dissipar Magia,Dispel Magic,Abjuração,public/images/magias/icones/dissipar-magia.webp,public/images/magias/ilustracoes/dissipar-magia-1.webp,magical runes dissolving into sparks,"fantasy RPG spell icon, magical runes dissolving into sparks, single centered emblem, painterly hand-painted style, rich colors, dark vignette background, pale blue glow, square, no text, no border","medieval fantasy illustration of a bard casting the spell Dispel Magic: magical runes dissolving into sparks, dramatic lighting, painterly D&D book art, wide 16:9, no text"
3º círculo,Enviar Mensagem,Sending,Adivinhação,public/images/magias/icones/enviar-mensagem.webp,public/images/magias/ilustracoes/enviar-mensagem-1.webp,message sent across distance as a beam of light,"fantasy RPG spell icon, message sent across distance as a beam of light, single centered emblem, painterly hand-painted style, rich colors, dark vignette background, silver and white glow, square, no text, no border","medieval fantasy illustration of a bard casting the spell Sending: message sent across distance as a beam of light, dramatic lighting, painterly D&D book art, wide 16:9, no text"
3º círculo,Espíritos Guardiões,Spirit Guardians,Conjuração,public/images/magias/icones/espiritos-guardioes.webp,public/images/magias/ilustracoes/espiritos-guardioes-1.webp,spectral angelic spirits circling a cleric,"fantasy RPG spell icon, spectral angelic spirits circling a cleric, single centered emblem, painterly hand-painted style, rich colors, dark vignette background, golden yellow glow, square, no text, no border","medieval fantasy illustration of a cleric casting the spell Spirit Guardians: spectral angelic spirits circling a cleric, dramatic lighting, painterly D&D book art, wide 16:9, no text"
3º círculo,Falar com as Plantas,Speak with Plants,Transmutação,public/images/magias/icones/falar-com-as-plantas.webp,public/images/magias/ilustracoes/falar-com-as-plantas-1.webp,person talking to an ancient tree with a face,"fantasy RPG spell icon, person talking to an ancient tree with a face, single centered emblem, painterly hand-painted style, rich colors, dark vignette background, emerald green and amber glow, square, no text, no border","medieval fantasy illustration of a bard casting the spell Speak with Plants: person talking to an ancient tree with a face, dramatic lighting, painterly D&D book art, wide 16:9, no text"
3º círculo,Falar com os Mortos,Speak with Dead,Necromancia,public/images/magias/icones/falar-com-os-mortos.webp,public/images/magias/ilustracoes/falar-com-os-mortos-1.webp,"corpse answering questions, ghostly mouth","fantasy RPG spell icon, corpse answering questions, ghostly mouth, single centered emblem, painterly hand-painted style, rich colors, dark vignette background, sickly green and black glow, square, no text, no border","medieval fantasy illustration of a bard casting the spell Speak with Dead: corpse answering questions, ghostly mouth, dramatic lighting, painterly D&D book art, wide 16:9, no text"
3º círculo,Forma Gasosa,Gaseous Form,Transmutação,public/images/magias/icones/forma-gasosa.webp,public/images/magias/ilustracoes/forma-gasosa-1.webp,body turning into misty vapor,"fantasy RPG spell icon, body turning into misty vapor, single centered emblem, painterly hand-painted style, rich colors, dark vignette background, emerald green and amber glow, square, no text, no border","medieval fantasy illustration of a warlock casting the spell Gaseous Form: body turning into misty vapor, dramatic lighting, painterly D&D book art, wide 16:9, no text"
3º círculo,Fundir-se às Rochas,Meld into Stone,Transmutação,public/images/magias/icones/fundir-se-as-rochas.webp,public/images/magias/ilustracoes/fundir-se-as-rochas-1.webp,person merging into a stone wall,"fantasy RPG spell icon, person merging into a stone wall, single centered emblem, painterly hand-painted style, rich colors, dark vignette background, emerald green and amber glow, square, no text, no border","medieval fantasy illustration of a cleric casting the spell Meld into Stone: person merging into a stone wall, dramatic lighting, painterly D&D book art, wide 16:9, no text"
3º círculo,Glifo de Proteção,Glyph of Warding,Abjuração,public/images/magias/icones/glifo-de-protecao.webp,public/images/magias/ilustracoes/glifo-de-protecao-1.webp,glowing protective glyph inscribed on a floor,"fantasy RPG spell icon, glowing protective glyph inscribed on a floor, single centered emblem, painterly hand-painted style, rich colors, dark vignette background, pale blue glow, square, no text, no border","medieval fantasy illustration of a bard casting the spell Glyph of Warding: glowing protective glyph inscribed on a floor, dramatic lighting, painterly D&D book art, wide 16:9, no text"
3º círculo,Idiomas,Tongues,Adivinhação,public/images/magias/icones/idiomas.webp,public/images/magias/ilustracoes/idiomas-1.webp,"magical tongue speaking all languages, script glyphs","fantasy RPG spell icon, magical tongue speaking all languages, script glyphs, single centered emblem, painterly hand-painted style, rich colors, dark vignette background, silver and white glow, square, no text, no border","medieval fantasy illustration of a bard casting the spell Tongues: magical tongue speaking all languages, script glyphs, dramatic lighting, painterly D&D book art, wide 16:9, no text"
3º círculo,Imagem Maior,Major Image,Ilusão,public/images/magias/icones/imagem-maior.webp,public/images/magias/ilustracoes/imagem-maior-1.webp,"grand illusion of a castle, shimmering","fantasy RPG spell icon, grand illusion of a castle, shimmering, single centered emblem, painterly hand-painted style, rich colors, dark vignette background, violet glow, square, no text, no border","medieval fantasy illustration of a bard casting the spell Major Image: grand illusion of a castle, shimmering, dramatic lighting, painterly D&D book art, wide 16:9, no text"
3º círculo,Lentidão,Slow,Transmutação,public/images/magias/icones/lentidao.webp,public/images/magias/ilustracoes/lentidao-1.webp,"figures moving in slow motion, hourglass sigil","fantasy RPG spell icon, figures moving in slow motion, hourglass sigil, single centered emblem, painterly hand-painted style, rich colors, dark vignette background, emerald green and amber glow, square, no text, no border","medieval fantasy illustration of a bard casting the spell Slow: figures moving in slow motion, hourglass sigil, dramatic lighting, painterly D&D book art, wide 16:9, no text"
3º círculo,Luz do Dia,Daylight,Evocação,public/images/magias/icones/luz-do-dia.webp,public/images/magias/ilustracoes/luz-do-dia-1.webp,sphere of bright daylight in darkness,"fantasy RPG spell icon, sphere of bright daylight in darkness, single centered emblem, painterly hand-painted style, rich colors, dark vignette background, fiery orange and red glow, square, no text, no border","medieval fantasy illustration of a cleric casting the spell Daylight: sphere of bright daylight in darkness, dramatic lighting, painterly D&D book art, wide 16:9, no text"
3º círculo,Medo,Fear,Ilusão,public/images/magias/icones/medo.webp,public/images/magias/ilustracoes/medo-1.webp,terrified figure fleeing a looming horrific shadow,"fantasy RPG spell icon, terrified figure fleeing a looming horrific shadow, single centered emblem, painterly hand-painted style, rich colors, dark vignette background, violet glow, square, no text, no border","medieval fantasy illustration of a bard casting the spell Fear: terrified figure fleeing a looming horrific shadow, dramatic lighting, painterly D&D book art, wide 16:9, no text"
3º círculo,Muralha de Vento,Wind Wall,Evocação,public/images/magias/icones/muralha-de-vento.webp,public/images/magias/ilustracoes/muralha-de-vento-1.webp,wall of strong wind blowing arrows away,"fantasy RPG spell icon, wall of strong wind blowing arrows away, single centered emblem, painterly hand-painted style, rich colors, dark vignette background, fiery orange and red glow, square, no text, no border","medieval fantasy illustration of a druid casting the spell Wind Wall: wall of strong wind blowing arrows away, dramatic lighting, painterly D&D book art, wide 16:9, no text"
3º círculo,Nevasca,Sleet Storm,Conjuração,public/images/magias/icones/nevasca.webp,public/images/magias/ilustracoes/nevasca-1.webp,"freezing sleet storm, icy ground","fantasy RPG spell icon, freezing sleet storm, icy ground, single centered emblem, painterly hand-painted style, rich colors, dark vignette background, golden yellow glow, square, no text, no border","medieval fantasy illustration of a druid casting the spell Sleet Storm: freezing sleet storm, icy ground, dramatic lighting, painterly D&D book art, wide 16:9, no text"
3º círculo,Névoa Fétida,Stinking Cloud,Conjuração,public/images/magias/icones/nevoa-fetida.webp,public/images/magias/ilustracoes/nevoa-fetida-1.webp,sickly yellow-green cloud of nauseating gas,"fantasy RPG spell icon, sickly yellow-green cloud of nauseating gas, single centered emblem, painterly hand-painted style, rich colors, dark vignette background, golden yellow glow, square, no text, no border","medieval fantasy illustration of a bard casting the spell Stinking Cloud: sickly yellow-green cloud of nauseating gas, dramatic lighting, painterly D&D book art, wide 16:9, no text"
3º círculo,Padrão Hipnótico,Hypnotic Pattern,Ilusão,public/images/magias/icones/padrao-hipnotico.webp,public/images/magias/ilustracoes/padrao-hipnotico-1.webp,twisting rainbow hypnotic pattern in the air,"fantasy RPG spell icon, twisting rainbow hypnotic pattern in the air, single centered emblem, painterly hand-painted style, rich colors, dark vignette background, violet glow, square, no text, no border","medieval fantasy illustration of a bard casting the spell Hypnotic Pattern: twisting rainbow hypnotic pattern in the air, dramatic lighting, painterly D&D book art, wide 16:9, no text"
3º círculo,Palavra Curativa em Massa,Mass Healing Word,Abjuração,public/images/magias/icones/palavra-curativa-em-massa.webp,public/images/magias/ilustracoes/palavra-curativa-em-massa-1.webp,words of healing radiating to many allies,"fantasy RPG spell icon, words of healing radiating to many allies, single centered emblem, painterly hand-painted style, rich colors, dark vignette background, pale blue glow, square, no text, no border","medieval fantasy illustration of a bard casting the spell Mass Healing Word: words of healing radiating to many allies, dramatic lighting, painterly D&D book art, wide 16:9, no text"
3º círculo,Pequena Cabana,Tiny Hut,Evocação,public/images/magias/icones/pequena-cabana.webp,public/images/magias/ilustracoes/pequena-cabana-1.webp,small translucent dome of force sheltering adventurers at night,"fantasy RPG spell icon, small translucent dome of force sheltering adventurers at night, single centered emblem, painterly hand-painted style, rich colors, dark vignette background, fiery orange and red glow, square, no text, no border","medieval fantasy illustration of a bard casting the spell Tiny Hut: small translucent dome of force sheltering adventurers at night, dramatic lighting, painterly D&D book art, wide 16:9, no text"
3º círculo,Piscar,Blink,Transmutação,public/images/magias/icones/piscar.webp,public/images/magias/ilustracoes/piscar-1.webp,"figure flickering between planes, ethereal shimmer","fantasy RPG spell icon, figure flickering between planes, ethereal shimmer, single centered emblem, painterly hand-painted style, rich colors, dark vignette background, emerald green and amber glow, square, no text, no border","medieval fantasy illustration of a sorcerer casting the spell Blink: figure flickering between planes, ethereal shimmer, dramatic lighting, painterly D&D book art, wide 16:9, no text"
3º círculo,Proteção contra Energia,Protection from Energy,Abjuração,public/images/magias/icones/protecao-contra-energia.webp,public/images/magias/ilustracoes/protecao-contra-energia-1.webp,"shield of resistance against fire, cold, lightning","fantasy RPG spell icon, shield of resistance against fire, cold, lightning, single centered emblem, painterly hand-painted style, rich colors, dark vignette background, pale blue glow, square, no text, no border","medieval fantasy illustration of a cleric casting the spell Protection from Energy: shield of resistance against fire, cold, lightning, dramatic lighting, painterly D&D book art, wide 16:9, no text"
3º círculo,Relâmpago,Lightning Bolt,Evocação,public/images/magias/icones/relampago.webp,public/images/magias/ilustracoes/relampago-1.webp,line of lightning blasting forward,"fantasy RPG spell icon, line of lightning blasting forward, single centered emblem, painterly hand-painted style, rich colors, dark vignette background, fiery orange and red glow, square, no text, no border","medieval fantasy illustration of a sorcerer casting the spell Lightning Bolt: line of lightning blasting forward, dramatic lighting, painterly D&D book art, wide 16:9, no text"
3º círculo,Remover Maldição,Remove Curse,Abjuração,public/images/magias/icones/remover-maldicao.webp,public/images/magias/ilustracoes/remover-maldicao-1.webp,curse chains breaking with holy light,"fantasy RPG spell icon, curse chains breaking with holy light, single centered emblem, painterly hand-painted style, rich colors, dark vignette background, pale blue glow, square, no text, no border","medieval fantasy illustration of a warlock casting the spell Remove Curse: curse chains breaking with holy light, dramatic lighting, painterly D&D book art, wide 16:9, no text"
3º círculo,Respirar na Água,Water Breathing,Transmutação,public/images/magias/icones/respirar-na-agua.webp,public/images/magias/ilustracoes/respirar-na-agua-1.webp,adventurer breathing underwater with bubbles,"fantasy RPG spell icon, adventurer breathing underwater with bubbles, single centered emblem, painterly hand-painted style, rich colors, dark vignette background, emerald green and amber glow, square, no text, no border","medieval fantasy illustration of a druid casting the spell Water Breathing: adventurer breathing underwater with bubbles, dramatic lighting, painterly D&D book art, wide 16:9, no text"
3º círculo,Revivificar,Revivify,Necromancia,public/images/magias/icones/revivificar.webp,public/images/magias/ilustracoes/revivificar-1.webp,fallen hero revived by a diamond's light,"fantasy RPG spell icon, fallen hero revived by a diamond's light, single centered emblem, painterly hand-painted style, rich colors, dark vignette background, sickly green and black glow, square, no text, no border","medieval fantasy illustration of a cleric casting the spell Revivify: fallen hero revived by a diamond's light, dramatic lighting, painterly D&D book art, wide 16:9, no text"
3º círculo,Rogar Maldição,Bestow Curse,Necromancia,public/images/magias/icones/rogar-maldicao.webp,public/images/magias/ilustracoes/rogar-maldicao-1.webp,dark curse sigil branded onto a victim,"fantasy RPG spell icon, dark curse sigil branded onto a victim, single centered emblem, painterly hand-painted style, rich colors, dark vignette background, sickly green and black glow, square, no text, no border","medieval fantasy illustration of a bard casting the spell Bestow Curse: dark curse sigil branded onto a victim, dramatic lighting, painterly D&D book art, wide 16:9, no text"
3º círculo,Sinal de Esperança,Beacon of Hope,Abjuração,public/images/magias/icones/sinal-de-esperanca.webp,public/images/magias/ilustracoes/sinal-de-esperanca-1.webp,radiant beacon of hope over allies,"fantasy RPG spell icon, radiant beacon of hope over allies, single centered emblem, painterly hand-painted style, rich colors, dark vignette background, pale blue glow, square, no text, no border","medieval fantasy illustration of a cleric casting the spell Beacon of Hope: radiant beacon of hope over allies, dramatic lighting, painterly D&D book art, wide 16:9, no text"
3º círculo,Toque Vampírico,Vampiric Touch,Necromancia,public/images/magias/icones/toque-vampirico.webp,public/images/magias/ilustracoes/toque-vampirico-1.webp,shadowy hand draining life energy,"fantasy RPG spell icon, shadowy hand draining life energy, single centered emblem, painterly hand-painted style, rich colors, dark vignette background, sickly green and black glow, square, no text, no border","medieval fantasy illustration of a warlock casting the spell Vampiric Touch: shadowy hand draining life energy, dramatic lighting, painterly D&D book art, wide 16:9, no text"
3º círculo,Velocidade,Haste,Transmutação,public/images/magias/icones/velocidade.webp,public/images/magias/ilustracoes/velocidade-1.webp,"figure moving at blinding speed, speed lines","fantasy RPG spell icon, figure moving at blinding speed, speed lines, single centered emblem, painterly hand-painted style, rich colors, dark vignette background, emerald green and amber glow, square, no text, no border","medieval fantasy illustration of a sorcerer casting the spell Haste: figure moving at blinding speed, speed lines, dramatic lighting, painterly D&D book art, wide 16:9, no text"
3º círculo,Voo,Fly,Transmutação,public/images/magias/icones/voo.webp,public/images/magias/ilustracoes/voo-1.webp,figure flying through the sky,"fantasy RPG spell icon, figure flying through the sky, single centered emblem, painterly hand-painted style, rich colors, dark vignette background, emerald green and amber glow, square, no text, no border","medieval fantasy illustration of a warlock casting the spell Fly: figure flying through the sky, dramatic lighting, painterly D&D book art, wide 16:9, no text"
4º círculo,Adivinhação,Divination,Adivinhação,public/images/magias/icones/adivinhacao.webp,public/images/magias/ilustracoes/adivinhacao-1.webp,"divine oracle vision, glowing eye of a god","fantasy RPG spell icon, divine oracle vision, glowing eye of a god, single centered emblem, painterly hand-painted style, rich colors, dark vignette background, silver and white glow, square, no text, no border","medieval fantasy illustration of a cleric casting the spell Divination: divine oracle vision, glowing eye of a god, dramatic lighting, painterly D&D book art, wide 16:9, no text"
4º círculo,Assassino Fantasmagórico,Phantasmal Killer,Ilusão,public/images/magias/icones/assassino-fantasmagorico.webp,public/images/magias/ilustracoes/assassino-fantasmagorico-1.webp,nightmare creature formed from fear,"fantasy RPG spell icon, nightmare creature formed from fear, single centered emblem, painterly hand-painted style, rich colors, dark vignette background, violet glow, square, no text, no border","medieval fantasy illustration of a bard casting the spell Phantasmal Killer: nightmare creature formed from fear, dramatic lighting, painterly D&D book art, wide 16:9, no text"
4º círculo,Aura de Vida,Aura of Life,Abjuração,public/images/magias/icones/aura-de-vida.webp,public/images/magias/ilustracoes/aura-de-vida-1.webp,radiant aura of life protecting allies,"fantasy RPG spell icon, radiant aura of life protecting allies, single centered emblem, painterly hand-painted style, rich colors, dark vignette background, pale blue glow, square, no text, no border","medieval fantasy illustration of a cleric casting the spell Aura of Life: radiant aura of life protecting allies, dramatic lighting, painterly D&D book art, wide 16:9, no text"
4º círculo,Banimento,Banishment,Abjuração,public/images/magias/icones/banimento.webp,public/images/magias/ilustracoes/banimento-1.webp,creature banished through a planar rift,"fantasy RPG spell icon, creature banished through a planar rift, single centered emblem, painterly hand-painted style, rich colors, dark vignette background, pale blue glow, square, no text, no border","medieval fantasy illustration of a warlock casting the spell Banishment: creature banished through a planar rift, dramatic lighting, painterly D&D book art, wide 16:9, no text"
4º círculo,Baú Secreto,Secret Chest,Conjuração,public/images/magias/icones/bau-secreto.webp,public/images/magias/ilustracoes/bau-secreto-1.webp,chest vanishing into the Ethereal Plane,"fantasy RPG spell icon, chest vanishing into the Ethereal Plane, single centered emblem, painterly hand-painted style, rich colors, dark vignette background, golden yellow glow, square, no text, no border","medieval fantasy illustration of a wizard casting the spell Secret Chest: chest vanishing into the Ethereal Plane, dramatic lighting, painterly D&D book art, wide 16:9, no text"
4º círculo,Compulsão,Compulsion,Encantamento,public/images/magias/icones/compulsao.webp,public/images/magias/ilustracoes/compulsao-1.webp,compelled figures moving against their will,"fantasy RPG spell icon, compelled figures moving against their will, single centered emblem, painterly hand-painted style, rich colors, dark vignette background, pink and magenta glow, square, no text, no border","medieval fantasy illustration of a bard casting the spell Compulsion: compelled figures moving against their will, dramatic lighting, painterly D&D book art, wide 16:9, no text"
4º círculo,Confusão,Confusion,Encantamento,public/images/magias/icones/confusao.webp,public/images/magias/ilustracoes/confusao-1.webp,"confused figures, swirling chaotic sigils over heads","fantasy RPG spell icon, confused figures, swirling chaotic sigils over heads, single centered emblem, painterly hand-painted style, rich colors, dark vignette background, pink and magenta glow, square, no text, no border","medieval fantasy illustration of a bard casting the spell Confusion: confused figures, swirling chaotic sigils over heads, dramatic lighting, painterly D&D book art, wide 16:9, no text"
4º círculo,Conjurar Elementais Menores,Conjure Minor Elementals,Conjuração,public/images/magias/icones/conjurar-elementais-menores.webp,public/images/magias/ilustracoes/conjurar-elementais-menores-1.webp,small elemental spirits swirling around a caster,"fantasy RPG spell icon, small elemental spirits swirling around a caster, single centered emblem, painterly hand-painted style, rich colors, dark vignette background, golden yellow glow, square, no text, no border","medieval fantasy illustration of a druid casting the spell Conjure Minor Elementals: small elemental spirits swirling around a caster, dramatic lighting, painterly D&D book art, wide 16:9, no text"
4º círculo,Conjurar Seres da Floresta,Conjure Woodland Beings,Conjuração,public/images/magias/icones/conjurar-seres-da-floresta.webp,public/images/magias/ilustracoes/conjurar-seres-da-floresta-1.webp,fey woodland spirits dancing around a druid,"fantasy RPG spell icon, fey woodland spirits dancing around a druid, single centered emblem, painterly hand-painted style, rich colors, dark vignette background, golden yellow glow, square, no text, no border","medieval fantasy illustration of a druid casting the spell Conjure Woodland Beings: fey woodland spirits dancing around a druid, dramatic lighting, painterly D&D book art, wide 16:9, no text"
4º círculo,Controlar a Água,Control Water,Transmutação,public/images/magias/icones/controlar-a-agua.webp,public/images/magias/ilustracoes/controlar-a-agua-1.webp,water parting and rising in a whirlpool,"fantasy RPG spell icon, water parting and rising in a whirlpool, single centered emblem, painterly hand-painted style, rich colors, dark vignette background, emerald green and amber glow, square, no text, no border","medieval fantasy illustration of a cleric casting the spell Control Water: water parting and rising in a whirlpool, dramatic lighting, painterly D&D book art, wide 16:9, no text"
4º círculo,Cão Fiel,Faithful Hound,Conjuração,public/images/magias/icones/cao-fiel.webp,public/images/magias/ilustracoes/cao-fiel-1.webp,spectral guard dog of force,"fantasy RPG spell icon, spectral guard dog of force, single centered emblem, painterly hand-painted style, rich colors, dark vignette background, golden yellow glow, square, no text, no border","medieval fantasy illustration of a wizard casting the spell Faithful Hound: spectral guard dog of force, dramatic lighting, painterly D&D book art, wide 16:9, no text"
4º círculo,Dominar Fera,Dominate Beast,Encantamento,public/images/magias/icones/dominar-fera.webp,public/images/magias/ilustracoes/dominar-fera-1.webp,beast with glowing eyes under mental control,"fantasy RPG spell icon, beast with glowing eyes under mental control, single centered emblem, painterly hand-painted style, rich colors, dark vignette background, pink and magenta glow, square, no text, no border","medieval fantasy illustration of a druid casting the spell Dominate Beast: beast with glowing eyes under mental control, dramatic lighting, painterly D&D book art, wide 16:9, no text"
4º círculo,Enfeitiçar Monstro,Charm Monster,Encantamento,public/images/magias/icones/enfeiticar-monstro.webp,public/images/magias/ilustracoes/enfeiticar-monstro-1.webp,"monster charmed, pink enchanting spiral over its head","fantasy RPG spell icon, monster charmed, pink enchanting spiral over its head, single centered emblem, painterly hand-painted style, rich colors, dark vignette background, pink and magenta glow, square, no text, no border","medieval fantasy illustration of a bard casting the spell Charm Monster: monster charmed, pink enchanting spiral over its head, dramatic lighting, painterly D&D book art, wide 16:9, no text"
4º círculo,Escudo de Fogo,Fire Shield,Evocação,public/images/magias/icones/escudo-de-fogo.webp,public/images/magias/ilustracoes/escudo-de-fogo-1.webp,warm flames or chilling ice shield wrapping a body,"fantasy RPG spell icon, warm flames or chilling ice shield wrapping a body, single centered emblem, painterly hand-painted style, rich colors, dark vignette background, fiery orange and red glow, square, no text, no border","medieval fantasy illustration of a druid casting the spell Fire Shield: warm flames or chilling ice shield wrapping a body, dramatic lighting, painterly D&D book art, wide 16:9, no text"
4º círculo,Esfera Resiliente,Resilient Sphere,Abjuração,public/images/magias/icones/esfera-resiliente.webp,public/images/magias/ilustracoes/esfera-resiliente-1.webp,shimmering sphere of force enclosing a creature,"fantasy RPG spell icon, shimmering sphere of force enclosing a creature, single centered emblem, painterly hand-painted style, rich colors, dark vignette background, pale blue glow, square, no text, no border","medieval fantasy illustration of a wizard casting the spell Resilient Sphere: shimmering sphere of force enclosing a creature, dramatic lighting, painterly D&D book art, wide 16:9, no text"
4º círculo,Esfera Vitriólica,Vitriolic Sphere,Evocação,public/images/magias/icones/esfera-vitriolica.webp,public/images/magias/ilustracoes/esfera-vitriolica-1.webp,sphere of acid exploding,"fantasy RPG spell icon, sphere of acid exploding, single centered emblem, painterly hand-painted style, rich colors, dark vignette background, fiery orange and red glow, square, no text, no border","medieval fantasy illustration of a sorcerer casting the spell Vitriolic Sphere: sphere of acid exploding, dramatic lighting, painterly D&D book art, wide 16:9, no text"
4º círculo,Fabricar,Fabricate,Transmutação,public/images/magias/icones/fabricar.webp,public/images/magias/ilustracoes/fabricar-1.webp,raw materials transforming into crafted items,"fantasy RPG spell icon, raw materials transforming into crafted items, single centered emblem, painterly hand-painted style, rich colors, dark vignette background, emerald green and amber glow, square, no text, no border","medieval fantasy illustration of a wizard casting the spell Fabricate: raw materials transforming into crafted items, dramatic lighting, painterly D&D book art, wide 16:9, no text"
4º círculo,Guardião da Fé,Guardian of Faith,Conjuração,public/images/magias/icones/guardiao-da-fe.webp,public/images/magias/ilustracoes/guardiao-da-fe-1.webp,large spectral guardian holding a sword,"fantasy RPG spell icon, large spectral guardian holding a sword, single centered emblem, painterly hand-painted style, rich colors, dark vignette background, golden yellow glow, square, no text, no border","medieval fantasy illustration of a cleric casting the spell Guardian of Faith: large spectral guardian holding a sword, dramatic lighting, painterly D&D book art, wide 16:9, no text"
4º círculo,Inseto Gigante,Giant Insect,Conjuração,public/images/magias/icones/inseto-gigante.webp,public/images/magias/ilustracoes/inseto-gigante-1.webp,"giant spider, scorpion and wasp","fantasy RPG spell icon, giant spider, scorpion and wasp, single centered emblem, painterly hand-painted style, rich colors, dark vignette background, golden yellow glow, square, no text, no border","medieval fantasy illustration of a druid casting the spell Giant Insect: giant spider, scorpion and wasp, dramatic lighting, painterly D&D book art, wide 16:9, no text"
4º círculo,Invisibilidade Maior,Greater Invisibility,Ilusão,public/images/magias/icones/invisibilidade-maior.webp,public/images/magias/ilustracoes/invisibilidade-maior-1.webp,warrior fully invisible while attacking,"fantasy RPG spell icon, warrior fully invisible while attacking, single centered emblem, painterly hand-painted style, rich colors, dark vignette background, violet glow, square, no text, no border","medieval fantasy illustration of a bard casting the spell Greater Invisibility: warrior fully invisible while attacking, dramatic lighting, painterly D&D book art, wide 16:9, no text"
4º círculo,Liberdade de Movimento,Freedom of Movement,Abjuração,public/images/magias/icones/liberdade-de-movimento.webp,public/images/magias/ilustracoes/liberdade-de-movimento-1.webp,figure slipping free from chains and vines,"fantasy RPG spell icon, figure slipping free from chains and vines, single centered emblem, painterly hand-painted style, rich colors, dark vignette background, pale blue glow, square, no text, no border","medieval fantasy illustration of a bard casting the spell Freedom of Movement: figure slipping free from chains and vines, dramatic lighting, painterly D&D book art, wide 16:9, no text"
4º círculo,Localizar Criatura,Locate Creature,Adivinhação,public/images/magias/icones/localizar-criatura.webp,public/images/magias/ilustracoes/localizar-criatura-1.webp,glowing trail leading to a hidden creature,"fantasy RPG spell icon, glowing trail leading to a hidden creature, single centered emblem, painterly hand-painted style, rich colors, dark vignette background, silver and white glow, square, no text, no border","medieval fantasy illustration of a bard casting the spell Locate Creature: glowing trail leading to a hidden creature, dramatic lighting, painterly D&D book art, wide 16:9, no text"
4º círculo,Metamorfose,Polymorph,Transmutação,public/images/magias/icones/metamorfose.webp,public/images/magias/ilustracoes/metamorfose-1.webp,"creature transforming into a beast, swirling magic","fantasy RPG spell icon, creature transforming into a beast, swirling magic, single centered emblem, painterly hand-painted style, rich colors, dark vignette background, emerald green and amber glow, square, no text, no border","medieval fantasy illustration of a bard casting the spell Polymorph: creature transforming into a beast, swirling magic, dramatic lighting, painterly D&D book art, wide 16:9, no text"
4º círculo,Moldar Rochas,Stone Shape,Transmutação,public/images/magias/icones/moldar-rochas.webp,public/images/magias/ilustracoes/moldar-rochas-1.webp,stone reshaping like clay in hands,"fantasy RPG spell icon, stone reshaping like clay in hands, single centered emblem, painterly hand-painted style, rich colors, dark vignette background, emerald green and amber glow, square, no text, no border","medieval fantasy illustration of a cleric casting the spell Stone Shape: stone reshaping like clay in hands, dramatic lighting, painterly D&D book art, wide 16:9, no text"
4º círculo,Muralha de Fogo,Wall of Fire,Evocação,public/images/magias/icones/muralha-de-fogo.webp,public/images/magias/ilustracoes/muralha-de-fogo-1.webp,towering wall of flames,"fantasy RPG spell icon, towering wall of flames, single centered emblem, painterly hand-painted style, rich colors, dark vignette background, fiery orange and red glow, square, no text, no border","medieval fantasy illustration of a druid casting the spell Wall of Fire: towering wall of flames, dramatic lighting, painterly D&D book art, wide 16:9, no text"
4º círculo,Olho Arcano,Arcane Eye,Adivinhação,public/images/magias/icones/olho-arcano.webp,public/images/magias/ilustracoes/olho-arcano-1.webp,floating invisible magical eye scouting,"fantasy RPG spell icon, floating invisible magical eye scouting, single centered emblem, painterly hand-painted style, rich colors, dark vignette background, silver and white glow, square, no text, no border","medieval fantasy illustration of a wizard casting the spell Arcane Eye: floating invisible magical eye scouting, dramatic lighting, painterly D&D book art, wide 16:9, no text"
4º círculo,Pele de Pedra,Stoneskin,Transmutação,public/images/magias/icones/pele-de-pedra.webp,public/images/magias/ilustracoes/pele-de-pedra-1.webp,skin hardening into grey stone,"fantasy RPG spell icon, skin hardening into grey stone, single centered emblem, painterly hand-painted style, rich colors, dark vignette background, emerald green and amber glow, square, no text, no border","medieval fantasy illustration of a druid casting the spell Stoneskin: skin hardening into grey stone, dramatic lighting, painterly D&D book art, wide 16:9, no text"
4º círculo,Porta Dimensional,Dimension Door,Conjuração,public/images/magias/icones/porta-dimensional.webp,public/images/magias/ilustracoes/porta-dimensional-1.webp,glowing door portal opening in the air,"fantasy RPG spell icon, glowing door portal opening in the air, single centered emblem, painterly hand-painted style, rich colors, dark vignette background, golden yellow glow, square, no text, no border","medieval fantasy illustration of a bard casting the spell Dimension Door: glowing door portal opening in the air, dramatic lighting, painterly D&D book art, wide 16:9, no text"
4º círculo,Praga,Blight,Necromancia,public/images/magias/icones/praga.webp,public/images/magias/ilustracoes/praga-1.webp,"withering plant and creature, necrotic decay","fantasy RPG spell icon, withering plant and creature, necrotic decay, single centered emblem, painterly hand-painted style, rich colors, dark vignette background, sickly green and black glow, square, no text, no border","medieval fantasy illustration of a warlock casting the spell Blight: withering plant and creature, necrotic decay, dramatic lighting, painterly D&D book art, wide 16:9, no text"
4º círculo,Proteção contra a Morte,Death Ward,Abjuração,public/images/magias/icones/protecao-contra-a-morte.webp,public/images/magias/ilustracoes/protecao-contra-a-morte-1.webp,"protective ward against death, glowing ankh","fantasy RPG spell icon, protective ward against death, glowing ankh, single centered emblem, painterly hand-painted style, rich colors, dark vignette background, pale blue glow, square, no text, no border","medieval fantasy illustration of a cleric casting the spell Death Ward: protective ward against death, glowing ankh, dramatic lighting, painterly D&D book art, wide 16:9, no text"
4º círculo,Santuário Particular,Private Sanctum,Abjuração,public/images/magias/icones/santuario-particular.webp,public/images/magias/ilustracoes/santuario-particular-1.webp,warded room sealed by magical barriers,"fantasy RPG spell icon, warded room sealed by magical barriers, single centered emblem, painterly hand-painted style, rich colors, dark vignette background, pale blue glow, square, no text, no border","medieval fantasy illustration of a wizard casting the spell Private Sanctum: warded room sealed by magical barriers, dramatic lighting, painterly D&D book art, wide 16:9, no text"
4º círculo,Tempestade de Gelo,Ice Storm,Evocação,public/images/magias/icones/tempestade-de-gelo.webp,public/images/magias/ilustracoes/tempestade-de-gelo-1.webp,hail of ice chunks raining down,"fantasy RPG spell icon, hail of ice chunks raining down, single centered emblem, painterly hand-painted style, rich colors, dark vignette background, fiery orange and red glow, square, no text, no border","medieval fantasy illustration of a druid casting the spell Ice Storm: hail of ice chunks raining down, dramatic lighting, painterly D&D book art, wide 16:9, no text"
4º círculo,Tentáculos Negros,Black Tentacles,Conjuração,public/images/magias/icones/tentaculos-negros.webp,public/images/magias/ilustracoes/tentaculos-negros-1.webp,writhing black tentacles erupting from the ground,"fantasy RPG spell icon, writhing black tentacles erupting from the ground, single centered emblem, painterly hand-painted style, rich colors, dark vignette background, golden yellow glow, square, no text, no border","medieval fantasy illustration of a wizard casting the spell Black Tentacles: writhing black tentacles erupting from the ground, dramatic lighting, painterly D&D book art, wide 16:9, no text"
4º círculo,Terreno Alucinógeno,Hallucinatory Terrain,Ilusão,public/images/magias/icones/terreno-alucinogeno.webp,public/images/magias/ilustracoes/terreno-alucinogeno-1.webp,"illusory terrain, swamp disguised as meadow","fantasy RPG spell icon, illusory terrain, swamp disguised as meadow, single centered emblem, painterly hand-painted style, rich colors, dark vignette background, violet glow, square, no text, no border","medieval fantasy illustration of a bard casting the spell Hallucinatory Terrain: illusory terrain, swamp disguised as meadow, dramatic lighting, painterly D&D book art, wide 16:9, no text"
5º círculo,Animar Objetos,Animate Objects,Transmutação,public/images/magias/icones/animar-objetos.webp,public/images/magias/ilustracoes/animar-objetos-1.webp,"swords, books and chairs animated, flying","fantasy RPG spell icon, swords, books and chairs animated, flying, single centered emblem, painterly hand-painted style, rich colors, dark vignette background, emerald green and amber glow, square, no text, no border","medieval fantasy illustration of a bard casting the spell Animate Objects: swords, books and chairs animated, flying, dramatic lighting, painterly D&D book art, wide 16:9, no text"
5º círculo,Caminhar em Árvores,Tree Stride,Conjuração,public/images/magias/icones/caminhar-em-arvores.webp,public/images/magias/ilustracoes/caminhar-em-arvores-1.webp,figure stepping into a tree and out of another,"fantasy RPG spell icon, figure stepping into a tree and out of another, single centered emblem, painterly hand-painted style, rich colors, dark vignette background, golden yellow glow, square, no text, no border","medieval fantasy illustration of a druid casting the spell Tree Stride: figure stepping into a tree and out of another, dramatic lighting, painterly D&D book art, wide 16:9, no text"
5º círculo,Coluna de Chamas,Flame Strike,Evocação,public/images/magias/icones/coluna-de-chamas.webp,public/images/magias/ilustracoes/coluna-de-chamas-1.webp,vertical column of divine fire from the heavens,"fantasy RPG spell icon, vertical column of divine fire from the heavens, single centered emblem, painterly hand-painted style, rich colors, dark vignette background, fiery orange and red glow, square, no text, no border","medieval fantasy illustration of a cleric casting the spell Flame Strike: vertical column of divine fire from the heavens, dramatic lighting, painterly D&D book art, wide 16:9, no text"
5º círculo,Comunhão,Commune,Adivinhação,public/images/magias/icones/comunhao.webp,public/images/magias/ilustracoes/comunhao-1.webp,priest communing with a divine figure in light,"fantasy RPG spell icon, priest communing with a divine figure in light, single centered emblem, painterly hand-painted style, rich colors, dark vignette background, silver and white glow, square, no text, no border","medieval fantasy illustration of a cleric casting the spell Commune: priest communing with a divine figure in light, dramatic lighting, painterly D&D book art, wide 16:9, no text"
5º círculo,Comunhão com a Natureza,Commune with Nature,Adivinhação,public/images/magias/icones/comunhao-com-a-natureza.webp,public/images/magias/ilustracoes/comunhao-com-a-natureza-1.webp,"druid becoming one with the forest, spirit roots","fantasy RPG spell icon, druid becoming one with the forest, spirit roots, single centered emblem, painterly hand-painted style, rich colors, dark vignette background, silver and white glow, square, no text, no border","medieval fantasy illustration of a druid casting the spell Commune with Nature: druid becoming one with the forest, spirit roots, dramatic lighting, painterly D&D book art, wide 16:9, no text"
5º círculo,Concha Antivida,Antilife Shell,Abjuração,public/images/magias/icones/concha-antivida.webp,public/images/magias/ilustracoes/concha-antivida-1.webp,shimmering barrier repelling living creatures,"fantasy RPG spell icon, shimmering barrier repelling living creatures, single centered emblem, painterly hand-painted style, rich colors, dark vignette background, pale blue glow, square, no text, no border","medieval fantasy illustration of a druid casting the spell Antilife Shell: shimmering barrier repelling living creatures, dramatic lighting, painterly D&D book art, wide 16:9, no text"
5º círculo,Cone de Frio,Cone of Cold,Evocação,public/images/magias/icones/cone-de-frio.webp,public/images/magias/ilustracoes/cone-de-frio-1.webp,cone of freezing frost blast,"fantasy RPG spell icon, cone of freezing frost blast, single centered emblem, painterly hand-painted style, rich colors, dark vignette background, fiery orange and red glow, square, no text, no border","medieval fantasy illustration of a druid casting the spell Cone of Cold: cone of freezing frost blast, dramatic lighting, painterly D&D book art, wide 16:9, no text"
5º círculo,Conhecimento Lendário,Legend Lore,Adivinhação,public/images/magias/icones/conhecimento-lendario.webp,public/images/magias/ilustracoes/conhecimento-lendario-1.webp,ancient legends unfolding from a glowing tome,"fantasy RPG spell icon, ancient legends unfolding from a glowing tome, single centered emblem, painterly hand-painted style, rich colors, dark vignette background, silver and white glow, square, no text, no border","medieval fantasy illustration of a bard casting the spell Legend Lore: ancient legends unfolding from a glowing tome, dramatic lighting, painterly D&D book art, wide 16:9, no text"
5º círculo,Conjurar Elemental,Conjure Elemental,Conjuração,public/images/magias/icones/conjurar-elemental.webp,public/images/magias/ilustracoes/conjurar-elemental-1.webp,"huge elemental summoned from fire, water, earth, air","fantasy RPG spell icon, huge elemental summoned from fire, water, earth, air, single centered emblem, painterly hand-painted style, rich colors, dark vignette background, golden yellow glow, square, no text, no border","medieval fantasy illustration of a druid casting the spell Conjure Elemental: huge elemental summoned from fire, water, earth, air, dramatic lighting, painterly D&D book art, wide 16:9, no text"
5º círculo,Consagrar,Hallow,Abjuração,public/images/magias/icones/consagrar.webp,public/images/magias/ilustracoes/consagrar-1.webp,consecrated ground glowing with holy symbols,"fantasy RPG spell icon, consecrated ground glowing with holy symbols, single centered emblem, painterly hand-painted style, rich colors, dark vignette background, pale blue glow, square, no text, no border","medieval fantasy illustration of a cleric casting the spell Hallow: consecrated ground glowing with holy symbols, dramatic lighting, painterly D&D book art, wide 16:9, no text"
5º círculo,Contatar Outro Plano,Contact Other Plane,Adivinhação,public/images/magias/icones/contatar-outro-plano.webp,public/images/magias/ilustracoes/contatar-outro-plano-1.webp,"mind contacting a cosmic entity, alien eyes","fantasy RPG spell icon, mind contacting a cosmic entity, alien eyes, single centered emblem, painterly hand-painted style, rich colors, dark vignette background, silver and white glow, square, no text, no border","medieval fantasy illustration of a warlock casting the spell Contact Other Plane: mind contacting a cosmic entity, alien eyes, dramatic lighting, painterly D&D book art, wide 16:9, no text"
5º círculo,Contágio,Contagion,Necromancia,public/images/magias/icones/contagio.webp,public/images/magias/ilustracoes/contagio-1.webp,"magical disease spreading, sickly green plague","fantasy RPG spell icon, magical disease spreading, sickly green plague, single centered emblem, painterly hand-painted style, rich colors, dark vignette background, sickly green and black glow, square, no text, no border","medieval fantasy illustration of a cleric casting the spell Contagion: magical disease spreading, sickly green plague, dramatic lighting, painterly D&D book art, wide 16:9, no text"
5º círculo,Criar Passagem,Passwall,Transmutação,public/images/magias/icones/criar-passagem.webp,public/images/magias/ilustracoes/criar-passagem-1.webp,passage opening through a stone wall,"fantasy RPG spell icon, passage opening through a stone wall, single centered emblem, painterly hand-painted style, rich colors, dark vignette background, emerald green and amber glow, square, no text, no border","medieval fantasy illustration of a wizard casting the spell Passwall: passage opening through a stone wall, dramatic lighting, painterly D&D book art, wide 16:9, no text"
5º círculo,Criação,Creation,Ilusão,public/images/magias/icones/criacao.webp,public/images/magias/ilustracoes/criacao-1.webp,object forming from shadow material,"fantasy RPG spell icon, object forming from shadow material, single centered emblem, painterly hand-painted style, rich colors, dark vignette background, violet glow, square, no text, no border","medieval fantasy illustration of a sorcerer casting the spell Creation: object forming from shadow material, dramatic lighting, painterly D&D book art, wide 16:9, no text"
5º círculo,Curar Ferimentos em Massa,Mass Cure Wounds,Abjuração,public/images/magias/icones/curar-ferimentos-em-massa.webp,public/images/magias/ilustracoes/curar-ferimentos-em-massa-1.webp,wave of healing light over many wounded allies,"fantasy RPG spell icon, wave of healing light over many wounded allies, single centered emblem, painterly hand-painted style, rich colors, dark vignette background, pale blue glow, square, no text, no border","medieval fantasy illustration of a bard casting the spell Mass Cure Wounds: wave of healing light over many wounded allies, dramatic lighting, painterly D&D book art, wide 16:9, no text"
5º círculo,Círculo de Teletransporte,Teleportation Circle,Conjuração,public/images/magias/icones/circulo-de-teletransporte.webp,public/images/magias/ilustracoes/circulo-de-teletransporte-1.webp,glowing teleportation circle with runes,"fantasy RPG spell icon, glowing teleportation circle with runes, single centered emblem, painterly hand-painted style, rich colors, dark vignette background, golden yellow glow, square, no text, no border","medieval fantasy illustration of a bard casting the spell Teleportation Circle: glowing teleportation circle with runes, dramatic lighting, painterly D&D book art, wide 16:9, no text"
5º círculo,Despertar,Awaken,Transmutação,public/images/magias/icones/despertar.webp,public/images/magias/ilustracoes/despertar-1.webp,tree awakening with a face and eyes,"fantasy RPG spell icon, tree awakening with a face and eyes, single centered emblem, painterly hand-painted style, rich colors, dark vignette background, emerald green and amber glow, square, no text, no border","medieval fantasy illustration of a bard casting the spell Awaken: tree awakening with a face and eyes, dramatic lighting, painterly D&D book art, wide 16:9, no text"
5º círculo,Despistar,Mislead,Ilusão,public/images/magias/icones/despistar.webp,public/images/magias/ilustracoes/despistar-1.webp,invisible caster with an illusory double,"fantasy RPG spell icon, invisible caster with an illusory double, single centered emblem, painterly hand-painted style, rich colors, dark vignette background, violet glow, square, no text, no border","medieval fantasy illustration of a bard casting the spell Mislead: invisible caster with an illusory double, dramatic lighting, painterly D&D book art, wide 16:9, no text"
5º círculo,Dissipar o Bem e o Mal,Dispel Evil and Good,Abjuração,public/images/magias/icones/dissipar-o-bem-e-o-mal.webp,public/images/magias/ilustracoes/dissipar-o-bem-e-o-mal-1.webp,warding off a demon with holy light,"fantasy RPG spell icon, warding off a demon with holy light, single centered emblem, painterly hand-painted style, rich colors, dark vignette background, pale blue glow, square, no text, no border","medieval fantasy illustration of a cleric casting the spell Dispel Evil and Good: warding off a demon with holy light, dramatic lighting, painterly D&D book art, wide 16:9, no text"
5º círculo,Dominar Pessoa,Dominate Person,Encantamento,public/images/magias/icones/dominar-pessoa.webp,public/images/magias/ilustracoes/dominar-pessoa-1.webp,person controlled by a puppeteer's glowing strings,"fantasy RPG spell icon, person controlled by a puppeteer's glowing strings, single centered emblem, painterly hand-painted style, rich colors, dark vignette background, pink and magenta glow, square, no text, no border","medieval fantasy illustration of a bard casting the spell Dominate Person: person controlled by a puppeteer's glowing strings, dramatic lighting, painterly D&D book art, wide 16:9, no text"
5º círculo,Elo Telepático,Telepathic Bond,Adivinhação,public/images/magias/icones/elo-telepatico.webp,public/images/magias/ilustracoes/elo-telepatico-1.webp,glowing mental links connecting several minds,"fantasy RPG spell icon, glowing mental links connecting several minds, single centered emblem, painterly hand-painted style, rich colors, dark vignette background, silver and white glow, square, no text, no border","medieval fantasy illustration of a bard casting the spell Telepathic Bond: glowing mental links connecting several minds, dramatic lighting, painterly D&D book art, wide 16:9, no text"
5º círculo,Imobilizar Monstro,Hold Monster,Encantamento,public/images/magias/icones/imobilizar-monstro.webp,public/images/magias/ilustracoes/imobilizar-monstro-1.webp,monster frozen by glowing chains,"fantasy RPG spell icon, monster frozen by glowing chains, single centered emblem, painterly hand-painted style, rich colors, dark vignette background, pink and magenta glow, square, no text, no border","medieval fantasy illustration of a bard casting the spell Hold Monster: monster frozen by glowing chains, dramatic lighting, painterly D&D book art, wide 16:9, no text"
5º círculo,Invocar Dragão,Summon Dragon,Conjuração,public/images/magias/icones/invocar-dragao.webp,public/images/magias/ilustracoes/invocar-dragao-1.webp,dragon spirit summoned,"fantasy RPG spell icon, dragon spirit summoned, single centered emblem, painterly hand-painted style, rich colors, dark vignette background, golden yellow glow, square, no text, no border","medieval fantasy illustration of a wizard casting the spell Summon Dragon: dragon spirit summoned, dramatic lighting, painterly D&D book art, wide 16:9, no text"
5º círculo,Ligação Planar,Planar Binding,Abjuração,public/images/magias/icones/ligacao-planar.webp,public/images/magias/ilustracoes/ligacao-planar-1.webp,extraplanar being bound in a circle,"fantasy RPG spell icon, extraplanar being bound in a circle, single centered emblem, painterly hand-painted style, rich colors, dark vignette background, pale blue glow, square, no text, no border","medieval fantasy illustration of a bard casting the spell Planar Binding: extraplanar being bound in a circle, dramatic lighting, painterly D&D book art, wide 16:9, no text"
5º círculo,Missão,Geas,Encantamento,public/images/magias/icones/missao.webp,public/images/magias/ilustracoes/missao-1.webp,magical oath binding a person with chains of light,"fantasy RPG spell icon, magical oath binding a person with chains of light, single centered emblem, painterly hand-painted style, rich colors, dark vignette background, pink and magenta glow, square, no text, no border","medieval fantasy illustration of a bard casting the spell Geas: magical oath binding a person with chains of light, dramatic lighting, painterly D&D book art, wide 16:9, no text"
5º círculo,Modificar Memória,Modify Memory,Encantamento,public/images/magias/icones/modificar-memoria.webp,public/images/magias/ilustracoes/modificar-memoria-1.webp,"memories altered, fragmented images over a head","fantasy RPG spell icon, memories altered, fragmented images over a head, single centered emblem, painterly hand-painted style, rich colors, dark vignette background, pink and magenta glow, square, no text, no border","medieval fantasy illustration of a bard casting the spell Modify Memory: memories altered, fragmented images over a head, dramatic lighting, painterly D&D book art, wide 16:9, no text"
5º círculo,Muralha de Energia,Wall of Force,Evocação,public/images/magias/icones/muralha-de-energia.webp,public/images/magias/ilustracoes/muralha-de-energia-1.webp,"invisible wall of force, glimmering edges","fantasy RPG spell icon, invisible wall of force, glimmering edges, single centered emblem, painterly hand-painted style, rich colors, dark vignette background, fiery orange and red glow, square, no text, no border","medieval fantasy illustration of a wizard casting the spell Wall of Force: invisible wall of force, glimmering edges, dramatic lighting, painterly D&D book art, wide 16:9, no text"
5º círculo,Muralha de Pedra,Wall of Stone,Evocação,public/images/magias/icones/muralha-de-pedra.webp,public/images/magias/ilustracoes/muralha-de-pedra-1.webp,massive stone wall rising from the ground,"fantasy RPG spell icon, massive stone wall rising from the ground, single centered emblem, painterly hand-painted style, rich colors, dark vignette background, fiery orange and red glow, square, no text, no border","medieval fantasy illustration of a druid casting the spell Wall of Stone: massive stone wall rising from the ground, dramatic lighting, painterly D&D book art, wide 16:9, no text"
5º círculo,Mão Arcana,Arcane Hand,Evocação,public/images/magias/icones/mao-arcana.webp,public/images/magias/ilustracoes/mao-arcana-1.webp,huge glowing hand of force,"fantasy RPG spell icon, huge glowing hand of force, single centered emblem, painterly hand-painted style, rich colors, dark vignette background, fiery orange and red glow, square, no text, no border","medieval fantasy illustration of a sorcerer casting the spell Arcane Hand: huge glowing hand of force, dramatic lighting, painterly D&D book art, wide 16:9, no text"
5º círculo,Névoa Mortal,Cloudkill,Conjuração,public/images/magias/icones/nevoa-mortal.webp,public/images/magias/ilustracoes/nevoa-mortal-1.webp,creeping poisonous green-yellow cloud,"fantasy RPG spell icon, creeping poisonous green-yellow cloud, single centered emblem, painterly hand-painted style, rich colors, dark vignette background, golden yellow glow, square, no text, no border","medieval fantasy illustration of a sorcerer casting the spell Cloudkill: creeping poisonous green-yellow cloud, dramatic lighting, painterly D&D book art, wide 16:9, no text"
5º círculo,Praga de Insetos,Insect Plague,Conjuração,public/images/magias/icones/praga-de-insetos.webp,public/images/magias/ilustracoes/praga-de-insetos-1.webp,swarm of biting locusts,"fantasy RPG spell icon, swarm of biting locusts, single centered emblem, painterly hand-painted style, rich colors, dark vignette background, golden yellow glow, square, no text, no border","medieval fantasy illustration of a cleric casting the spell Insect Plague: swarm of biting locusts, dramatic lighting, painterly D&D book art, wide 16:9, no text"
5º círculo,Reencarnação,Reincarnate,Necromancia,public/images/magias/icones/reencarnacao.webp,public/images/magias/ilustracoes/reencarnacao-1.webp,"soul reborn into a new body, cycle of life","fantasy RPG spell icon, soul reborn into a new body, cycle of life, single centered emblem, painterly hand-painted style, rich colors, dark vignette background, sickly green and black glow, square, no text, no border","medieval fantasy illustration of a druid casting the spell Reincarnate: soul reborn into a new body, cycle of life, dramatic lighting, painterly D&D book art, wide 16:9, no text"
5º círculo,Restauração Maior,Greater Restoration,Abjuração,public/images/magias/icones/restauracao-maior.webp,public/images/magias/ilustracoes/restauracao-maior-1.webp,powerful restoration light removing curses,"fantasy RPG spell icon, powerful restoration light removing curses, single centered emblem, painterly hand-painted style, rich colors, dark vignette background, pale blue glow, square, no text, no border","medieval fantasy illustration of a bard casting the spell Greater Restoration: powerful restoration light removing curses, dramatic lighting, painterly D&D book art, wide 16:9, no text"
5º círculo,Reviver os Mortos,Raise Dead,Necromancia,public/images/magias/icones/reviver-os-mortos.webp,public/images/magias/ilustracoes/reviver-os-mortos-1.webp,dead hero raised from a coffin,"fantasy RPG spell icon, dead hero raised from a coffin, single centered emblem, painterly hand-painted style, rich colors, dark vignette background, sickly green and black glow, square, no text, no border","medieval fantasy illustration of a bard casting the spell Raise Dead: dead hero raised from a coffin, dramatic lighting, painterly D&D book art, wide 16:9, no text"
5º círculo,Semelhança,Seeming,Ilusão,public/images/magias/icones/semelhanca.webp,public/images/magias/ilustracoes/semelhanca-1.webp,many faces changed by illusion at once,"fantasy RPG spell icon, many faces changed by illusion at once, single centered emblem, painterly hand-painted style, rich colors, dark vignette background, violet glow, square, no text, no border","medieval fantasy illustration of a bard casting the spell Seeming: many faces changed by illusion at once, dramatic lighting, painterly D&D book art, wide 16:9, no text"
5º círculo,Sonho,Dream,Ilusão,public/images/magias/icones/sonho.webp,public/images/magias/ilustracoes/sonho-1.webp,"figure entering another's dream, dreamscape","fantasy RPG spell icon, figure entering another's dream, dreamscape, single centered emblem, painterly hand-painted style, rich colors, dark vignette background, violet glow, square, no text, no border","medieval fantasy illustration of a bard casting the spell Dream: figure entering another's dream, dreamscape, dramatic lighting, painterly D&D book art, wide 16:9, no text"
5º círculo,Telecinese,Telekinesis,Transmutação,public/images/magias/icones/telecinese.webp,public/images/magias/ilustracoes/telecinese-1.webp,rock lifted by telekinetic force,"fantasy RPG spell icon, rock lifted by telekinetic force, single centered emblem, painterly hand-painted style, rich colors, dark vignette background, emerald green and amber glow, square, no text, no border","medieval fantasy illustration of a sorcerer casting the spell Telekinesis: rock lifted by telekinetic force, dramatic lighting, painterly D&D book art, wide 16:9, no text"
5º círculo,Vidência,Scrying,Adivinhação,public/images/magias/icones/videncia.webp,public/images/magias/ilustracoes/videncia-1.webp,crystal ball showing a distant person,"fantasy RPG spell icon, crystal ball showing a distant person, single centered emblem, painterly hand-painted style, rich colors, dark vignette background, silver and white glow, square, no text, no border","medieval fantasy illustration of a bard casting the spell Scrying: crystal ball showing a distant person, dramatic lighting, painterly D&D book art, wide 16:9, no text"
6º círculo,Aliado Planar,Planar Ally,Conjuração,public/images/magias/icones/aliado-planar.webp,public/images/magias/ilustracoes/aliado-planar-1.webp,otherworldly ally answering a call,"fantasy RPG spell icon, otherworldly ally answering a call, single centered emblem, painterly hand-painted style, rich colors, dark vignette background, golden yellow glow, square, no text, no border","medieval fantasy illustration of a cleric casting the spell Planar Ally: otherworldly ally answering a call, dramatic lighting, painterly D&D book art, wide 16:9, no text"
6º círculo,Banquete dos Heróis,Heroes' Feast,Conjuração,public/images/magias/icones/banquete-dos-herois.webp,public/images/magias/ilustracoes/banquete-dos-herois-1.webp,magnificent magical feast for heroes,"fantasy RPG spell icon, magnificent magical feast for heroes, single centered emblem, painterly hand-painted style, rich colors, dark vignette background, golden yellow glow, square, no text, no border","medieval fantasy illustration of a bard casting the spell Heroes' Feast: magnificent magical feast for heroes, dramatic lighting, painterly D&D book art, wide 16:9, no text"
6º círculo,Barreira de Lâminas,Blade Barrier,Evocação,public/images/magias/icones/barreira-de-laminas.webp,public/images/magias/ilustracoes/barreira-de-laminas-1.webp,wall of whirling razor-sharp blades,"fantasy RPG spell icon, wall of whirling razor-sharp blades, single centered emblem, painterly hand-painted style, rich colors, dark vignette background, fiery orange and red glow, square, no text, no border","medieval fantasy illustration of a cleric casting the spell Blade Barrier: wall of whirling razor-sharp blades, dramatic lighting, painterly D&D book art, wide 16:9, no text"
6º círculo,Caminhar no Vento,Wind Walk,Transmutação,public/images/magias/icones/caminhar-no-vento.webp,public/images/magias/ilustracoes/caminhar-no-vento-1.webp,figures turning into clouds and drifting,"fantasy RPG spell icon, figures turning into clouds and drifting, single centered emblem, painterly hand-painted style, rich colors, dark vignette background, emerald green and amber glow, square, no text, no border","medieval fantasy illustration of a druid casting the spell Wind Walk: figures turning into clouds and drifting, dramatic lighting, painterly D&D book art, wide 16:9, no text"
6º círculo,Carne para Pedra,Flesh to Stone,Transmutação,public/images/magias/icones/carne-para-pedra.webp,public/images/magias/ilustracoes/carne-para-pedra-1.webp,person slowly turning to stone,"fantasy RPG spell icon, person slowly turning to stone, single centered emblem, painterly hand-painted style, rich colors, dark vignette background, emerald green and amber glow, square, no text, no border","medieval fantasy illustration of a druid casting the spell Flesh to Stone: person slowly turning to stone, dramatic lighting, painterly D&D book art, wide 16:9, no text"
6º círculo,Conjurar Fada,Conjure Fey,Conjuração,public/images/magias/icones/conjurar-fada.webp,public/images/magias/ilustracoes/conjurar-fada-1.webp,fey spirit stepping out of a glowing circle of mushrooms,"fantasy RPG spell icon, fey spirit stepping out of a glowing circle of mushrooms, single centered emblem, painterly hand-painted style, rich colors, dark vignette background, golden yellow glow, square, no text, no border","medieval fantasy illustration of a druid casting the spell Conjure Fey: fey spirit stepping out of a glowing circle of mushrooms, dramatic lighting, painterly D&D book art, wide 16:9, no text"
6º círculo,Contingência,Contingency,Abjuração,public/images/magias/icones/contingencia.webp,public/images/magias/ilustracoes/contingencia-1.webp,"spell held in a gemstone, triggered condition","fantasy RPG spell icon, spell held in a gemstone, triggered condition, single centered emblem, painterly hand-painted style, rich colors, dark vignette background, pale blue glow, square, no text, no border","medieval fantasy illustration of a wizard casting the spell Contingency: spell held in a gemstone, triggered condition, dramatic lighting, painterly D&D book art, wide 16:9, no text"
6º círculo,Convocação Instantânea,Instant Summons,Conjuração,public/images/magias/icones/convocacao-instantanea.webp,public/images/magias/ilustracoes/convocacao-instantanea-1.webp,object appearing in a hand from a sapphire,"fantasy RPG spell icon, object appearing in a hand from a sapphire, single centered emblem, painterly hand-painted style, rich colors, dark vignette background, golden yellow glow, square, no text, no border","medieval fantasy illustration of a wizard casting the spell Instant Summons: object appearing in a hand from a sapphire, dramatic lighting, painterly D&D book art, wide 16:9, no text"
6º círculo,Criar Mortos-Vivos,Create Undead,Necromancia,public/images/magias/icones/criar-mortos-vivos.webp,public/images/magias/ilustracoes/criar-mortos-vivos-1.webp,ghouls and wights created at night,"fantasy RPG spell icon, ghouls and wights created at night, single centered emblem, painterly hand-painted style, rich colors, dark vignette background, sickly green and black glow, square, no text, no border","medieval fantasy illustration of a warlock casting the spell Create Undead: ghouls and wights created at night, dramatic lighting, painterly D&D book art, wide 16:9, no text"
6º círculo,Cura Completa,Heal,Abjuração,public/images/magias/icones/cura-completa.webp,public/images/magias/ilustracoes/cura-completa-1.webp,powerful healing light restoring a warrior,"fantasy RPG spell icon, powerful healing light restoring a warrior, single centered emblem, painterly hand-painted style, rich colors, dark vignette background, pale blue glow, square, no text, no border","medieval fantasy illustration of a cleric casting the spell Heal: powerful healing light restoring a warrior, dramatic lighting, painterly D&D book art, wide 16:9, no text"
6º círculo,Círculo da Morte,Circle of Death,Necromancia,public/images/magias/icones/circulo-da-morte.webp,public/images/magias/ilustracoes/circulo-da-morte-1.webp,sphere of negative energy spreading death,"fantasy RPG spell icon, sphere of negative energy spreading death, single centered emblem, painterly hand-painted style, rich colors, dark vignette background, sickly green and black glow, square, no text, no border","medieval fantasy illustration of a warlock casting the spell Circle of Death: sphere of negative energy spreading death, dramatic lighting, painterly D&D book art, wide 16:9, no text"
6º círculo,Dança Irresistível,Irresistible Dance,Encantamento,public/images/magias/icones/danca-irresistivel.webp,public/images/magias/ilustracoes/danca-irresistivel-1.webp,figure dancing uncontrollably,"fantasy RPG spell icon, figure dancing uncontrollably, single centered emblem, painterly hand-painted style, rich colors, dark vignette background, pink and magenta glow, square, no text, no border","medieval fantasy illustration of a bard casting the spell Irresistible Dance: figure dancing uncontrollably, dramatic lighting, painterly D&D book art, wide 16:9, no text"
6º círculo,Desintegrar,Disintegrate,Transmutação,public/images/magias/icones/desintegrar.webp,public/images/magias/ilustracoes/desintegrar-1.webp,thin green ray turning a target to dust,"fantasy RPG spell icon, thin green ray turning a target to dust, single centered emblem, painterly hand-painted style, rich colors, dark vignette background, emerald green and amber glow, square, no text, no border","medieval fantasy illustration of a sorcerer casting the spell Disintegrate: thin green ray turning a target to dust, dramatic lighting, painterly D&D book art, wide 16:9, no text"
6º círculo,Encontrar o Caminho,Find the Path,Adivinhação,public/images/magias/icones/encontrar-o-caminho.webp,public/images/magias/ilustracoes/encontrar-o-caminho-1.webp,glowing path through a labyrinth,"fantasy RPG spell icon, glowing path through a labyrinth, single centered emblem, painterly hand-painted style, rich colors, dark vignette background, silver and white glow, square, no text, no border","medieval fantasy illustration of a bard casting the spell Find the Path: glowing path through a labyrinth, dramatic lighting, painterly D&D book art, wide 16:9, no text"
6º círculo,Esfera Congelante,Freezing Sphere,Evocação,public/images/magias/icones/esfera-congelante.webp,public/images/magias/ilustracoes/esfera-congelante-1.webp,frigid sphere exploding with ice,"fantasy RPG spell icon, frigid sphere exploding with ice, single centered emblem, painterly hand-painted style, rich colors, dark vignette background, fiery orange and red glow, square, no text, no border","medieval fantasy illustration of a sorcerer casting the spell Freezing Sphere: frigid sphere exploding with ice, dramatic lighting, painterly D&D book art, wide 16:9, no text"
6º círculo,Ferir,Harm,Necromancia,public/images/magias/icones/ferir.webp,public/images/magias/ilustracoes/ferir-1.webp,dark necrotic wave harming a creature,"fantasy RPG spell icon, dark necrotic wave harming a creature, single centered emblem, painterly hand-painted style, rich colors, dark vignette background, sickly green and black glow, square, no text, no border","medieval fantasy illustration of a cleric casting the spell Harm: dark necrotic wave harming a creature, dramatic lighting, painterly D&D book art, wide 16:9, no text"
6º círculo,Globo de Invulnerabilidade,Globe of Invulnerability,Abjuração,public/images/magias/icones/globo-de-invulnerabilidade.webp,public/images/magias/ilustracoes/globo-de-invulnerabilidade-1.webp,shimmering globe blocking spells,"fantasy RPG spell icon, shimmering globe blocking spells, single centered emblem, painterly hand-painted style, rich colors, dark vignette background, pale blue glow, square, no text, no border","medieval fantasy illustration of a sorcerer casting the spell Globe of Invulnerability: shimmering globe blocking spells, dramatic lighting, painterly D&D book art, wide 16:9, no text"
6º círculo,Guardas e Proteções,Guards and Wards,Abjuração,public/images/magias/icones/guardas-e-protecoes.webp,public/images/magias/ilustracoes/guardas-e-protecoes-1.webp,"fortress warded with magical defenses, fog, locked doors","fantasy RPG spell icon, fortress warded with magical defenses, fog, locked doors, single centered emblem, painterly hand-painted style, rich colors, dark vignette background, pale blue glow, square, no text, no border","medieval fantasy illustration of a bard casting the spell Guards and Wards: fortress warded with magical defenses, fog, locked doors, dramatic lighting, painterly D&D book art, wide 16:9, no text"
6º círculo,Ilusão Programada,Programmed Illusion,Ilusão,public/images/magias/icones/ilusao-programada.webp,public/images/magias/ilustracoes/ilusao-programada-1.webp,"illusion triggered by a condition, actor","fantasy RPG spell icon, illusion triggered by a condition, actor, single centered emblem, painterly hand-painted style, rich colors, dark vignette background, violet glow, square, no text, no border","medieval fantasy illustration of a bard casting the spell Programmed Illusion: illusion triggered by a condition, actor, dramatic lighting, painterly D&D book art, wide 16:9, no text"
6º círculo,Mau-Olhado,Eyebite,Necromancia,public/images/magias/icones/mau-olhado.webp,public/images/magias/ilustracoes/mau-olhado-1.webp,"glowing black eyes of a warlock, terrifying gaze","fantasy RPG spell icon, glowing black eyes of a warlock, terrifying gaze, single centered emblem, painterly hand-painted style, rich colors, dark vignette background, sickly green and black glow, square, no text, no border","medieval fantasy illustration of a bard casting the spell Eyebite: glowing black eyes of a warlock, terrifying gaze, dramatic lighting, painterly D&D book art, wide 16:9, no text"
6º círculo,Mover Terra,Move Earth,Transmutação,public/images/magias/icones/mover-terra.webp,public/images/magias/ilustracoes/mover-terra-1.webp,"earth moving, hills reshaping","fantasy RPG spell icon, earth moving, hills reshaping, single centered emblem, painterly hand-painted style, rich colors, dark vignette background, emerald green and amber glow, square, no text, no border","medieval fantasy illustration of a druid casting the spell Move Earth: earth moving, hills reshaping, dramatic lighting, painterly D&D book art, wide 16:9, no text"
6º círculo,Muralha de Espinhos,Wall of Thorns,Conjuração,public/images/magias/icones/muralha-de-espinhos.webp,public/images/magias/ilustracoes/muralha-de-espinhos-1.webp,thick wall of thorny brush,"fantasy RPG spell icon, thick wall of thorny brush, single centered emblem, painterly hand-painted style, rich colors, dark vignette background, golden yellow glow, square, no text, no border","medieval fantasy illustration of a druid casting the spell Wall of Thorns: thick wall of thorny brush, dramatic lighting, painterly D&D book art, wide 16:9, no text"
6º círculo,Muralha de Gelo,Wall of Ice,Evocação,public/images/magias/icones/muralha-de-gelo.webp,public/images/magias/ilustracoes/muralha-de-gelo-1.webp,wall of solid ice,"fantasy RPG spell icon, wall of solid ice, single centered emblem, painterly hand-painted style, rich colors, dark vignette background, fiery orange and red glow, square, no text, no border","medieval fantasy illustration of a wizard casting the spell Wall of Ice: wall of solid ice, dramatic lighting, painterly D&D book art, wide 16:9, no text"
6º círculo,Palavra de Recordação,Word of Recall,Conjuração,public/images/magias/icones/palavra-de-recordacao.webp,public/images/magias/ilustracoes/palavra-de-recordacao-1.webp,cleric and allies vanishing to a sanctuary,"fantasy RPG spell icon, cleric and allies vanishing to a sanctuary, single centered emblem, painterly hand-painted style, rich colors, dark vignette background, golden yellow glow, square, no text, no border","medieval fantasy illustration of a cleric casting the spell Word of Recall: cleric and allies vanishing to a sanctuary, dramatic lighting, painterly D&D book art, wide 16:9, no text"
6º círculo,Proibição,Forbiddance,Abjuração,public/images/magias/icones/proibicao.webp,public/images/magias/ilustracoes/proibicao-1.webp,"sacred land forbidding teleport, warded borders","fantasy RPG spell icon, sacred land forbidding teleport, warded borders, single centered emblem, painterly hand-painted style, rich colors, dark vignette background, pale blue glow, square, no text, no border","medieval fantasy illustration of a cleric casting the spell Forbiddance: sacred land forbidding teleport, warded borders, dramatic lighting, painterly D&D book art, wide 16:9, no text"
6º círculo,Raio de Sol,Sunbeam,Evocação,public/images/magias/icones/raio-de-sol.webp,public/images/magias/ilustracoes/raio-de-sol-1.webp,blinding beam of sunlight,"fantasy RPG spell icon, blinding beam of sunlight, single centered emblem, painterly hand-painted style, rich colors, dark vignette background, fiery orange and red glow, square, no text, no border","medieval fantasy illustration of a cleric casting the spell Sunbeam: blinding beam of sunlight, dramatic lighting, painterly D&D book art, wide 16:9, no text"
6º círculo,Recipiente Arcano,Magic Jar,Necromancia,public/images/magias/icones/recipiente-arcano.webp,public/images/magias/ilustracoes/recipiente-arcano-1.webp,soul trapped in a gem container,"fantasy RPG spell icon, soul trapped in a gem container, single centered emblem, painterly hand-painted style, rich colors, dark vignette background, sickly green and black glow, square, no text, no border","medieval fantasy illustration of a wizard casting the spell Magic Jar: soul trapped in a gem container, dramatic lighting, painterly D&D book art, wide 16:9, no text"
6º círculo,Relâmpago em Cadeia,Chain Lightning,Evocação,public/images/magias/icones/relampago-em-cadeia.webp,public/images/magias/ilustracoes/relampago-em-cadeia-1.webp,lightning bolt chaining between many targets,"fantasy RPG spell icon, lightning bolt chaining between many targets, single centered emblem, painterly hand-painted style, rich colors, dark vignette background, fiery orange and red glow, square, no text, no border","medieval fantasy illustration of a sorcerer casting the spell Chain Lightning: lightning bolt chaining between many targets, dramatic lighting, painterly D&D book art, wide 16:9, no text"
6º círculo,Sugestão em Massa,Mass Suggestion,Encantamento,public/images/magias/icones/sugestao-em-massa.webp,public/images/magias/ilustracoes/sugestao-em-massa-1.webp,crowd influenced by hypnotic suggestion,"fantasy RPG spell icon, crowd influenced by hypnotic suggestion, single centered emblem, painterly hand-painted style, rich colors, dark vignette background, pink and magenta glow, square, no text, no border","medieval fantasy illustration of a bard casting the spell Mass Suggestion: crowd influenced by hypnotic suggestion, dramatic lighting, painterly D&D book art, wide 16:9, no text"
6º círculo,Transporte pelas Plantas,Transport via Plants,Conjuração,public/images/magias/icones/transporte-pelas-plantas.webp,public/images/magias/ilustracoes/transporte-pelas-plantas-1.webp,stepping through one tree to another far away,"fantasy RPG spell icon, stepping through one tree to another far away, single centered emblem, painterly hand-painted style, rich colors, dark vignette background, golden yellow glow, square, no text, no border","medieval fantasy illustration of a druid casting the spell Transport via Plants: stepping through one tree to another far away, dramatic lighting, painterly D&D book art, wide 16:9, no text"
6º círculo,Visão da Verdade,True Seeing,Adivinhação,public/images/magias/icones/visao-da-verdade.webp,public/images/magias/ilustracoes/visao-da-verdade-1.webp,"eyes seeing true forms, invisible revealed","fantasy RPG spell icon, eyes seeing true forms, invisible revealed, single centered emblem, painterly hand-painted style, rich colors, dark vignette background, silver and white glow, square, no text, no border","medieval fantasy illustration of a bard casting the spell True Seeing: eyes seeing true forms, invisible revealed, dramatic lighting, painterly D&D book art, wide 16:9, no text"
7º círculo,Bola de Fogo Controlável,Delayed Blast Fireball,Evocação,public/images/magias/icones/bola-de-fogo-controlavel.webp,public/images/magias/ilustracoes/bola-de-fogo-controlavel-1.webp,glowing bead of fire growing stronger before exploding,"fantasy RPG spell icon, glowing bead of fire growing stronger before exploding, single centered emblem, painterly hand-painted style, rich colors, dark vignette background, fiery orange and red glow, square, no text, no border","medieval fantasy illustration of a sorcerer casting the spell Delayed Blast Fireball: glowing bead of fire growing stronger before exploding, dramatic lighting, painterly D&D book art, wide 16:9, no text"
7º círculo,Conjurar Celestial,Conjure Celestial,Conjuração,public/images/magias/icones/conjurar-celestial.webp,public/images/magias/ilustracoes/conjurar-celestial-1.webp,radiant angelic celestial descending,"fantasy RPG spell icon, radiant angelic celestial descending, single centered emblem, painterly hand-painted style, rich colors, dark vignette background, golden yellow glow, square, no text, no border","medieval fantasy illustration of a cleric casting the spell Conjure Celestial: radiant angelic celestial descending, dramatic lighting, painterly D&D book art, wide 16:9, no text"
7º círculo,Dedo da Morte,Finger of Death,Necromancia,public/images/magias/icones/dedo-da-morte.webp,public/images/magias/ilustracoes/dedo-da-morte-1.webp,pointing finger unleashing negative energy,"fantasy RPG spell icon, pointing finger unleashing negative energy, single centered emblem, painterly hand-painted style, rich colors, dark vignette background, sickly green and black glow, square, no text, no border","medieval fantasy illustration of a warlock casting the spell Finger of Death: pointing finger unleashing negative energy, dramatic lighting, painterly D&D book art, wide 16:9, no text"
7º círculo,Espada Arcana,Arcane Sword,Evocação,public/images/magias/icones/espada-arcana.webp,public/images/magias/ilustracoes/espada-arcana-1.webp,floating spectral sword of force,"fantasy RPG spell icon, floating spectral sword of force, single centered emblem, painterly hand-painted style, rich colors, dark vignette background, fiery orange and red glow, square, no text, no border","medieval fantasy illustration of a bard casting the spell Arcane Sword: floating spectral sword of force, dramatic lighting, painterly D&D book art, wide 16:9, no text"
7º círculo,Forma Etérea,Etherealness,Conjuração,public/images/magias/icones/forma-eterea.webp,public/images/magias/ilustracoes/forma-eterea-1.webp,"figure becoming ethereal, ghostly plane","fantasy RPG spell icon, figure becoming ethereal, ghostly plane, single centered emblem, painterly hand-painted style, rich colors, dark vignette background, golden yellow glow, square, no text, no border","medieval fantasy illustration of a bard casting the spell Etherealness: figure becoming ethereal, ghostly plane, dramatic lighting, painterly D&D book art, wide 16:9, no text"
7º círculo,Inverter Gravidade,Reverse Gravity,Transmutação,public/images/magias/icones/inverter-gravidade.webp,public/images/magias/ilustracoes/inverter-gravidade-1.webp,creatures falling upward,"fantasy RPG spell icon, creatures falling upward, single centered emblem, painterly hand-painted style, rich colors, dark vignette background, emerald green and amber glow, square, no text, no border","medieval fantasy illustration of a druid casting the spell Reverse Gravity: creatures falling upward, dramatic lighting, painterly D&D book art, wide 16:9, no text"
7º círculo,Isolamento,Sequester,Transmutação,public/images/magias/icones/isolamento.webp,public/images/magias/ilustracoes/isolamento-1.webp,creature hidden in suspended animation,"fantasy RPG spell icon, creature hidden in suspended animation, single centered emblem, painterly hand-painted style, rich colors, dark vignette background, emerald green and amber glow, square, no text, no border","medieval fantasy illustration of a wizard casting the spell Sequester: creature hidden in suspended animation, dramatic lighting, painterly D&D book art, wide 16:9, no text"
7º círculo,Jaula de Energia,Forcecage,Evocação,public/images/magias/icones/jaula-de-energia.webp,public/images/magias/ilustracoes/jaula-de-energia-1.webp,invisible cage of force bars trapping a creature,"fantasy RPG spell icon, invisible cage of force bars trapping a creature, single centered emblem, painterly hand-painted style, rich colors, dark vignette background, fiery orange and red glow, square, no text, no border","medieval fantasy illustration of a bard casting the spell Forcecage: invisible cage of force bars trapping a creature, dramatic lighting, painterly D&D book art, wide 16:9, no text"
7º círculo,Mansão Magnífica,Magnificent Mansion,Conjuração,public/images/magias/icones/mansao-magnifica.webp,public/images/magias/ilustracoes/mansao-magnifica-1.webp,extradimensional grand mansion behind a shimmering door,"fantasy RPG spell icon, extradimensional grand mansion behind a shimmering door, single centered emblem, painterly hand-painted style, rich colors, dark vignette background, golden yellow glow, square, no text, no border","medieval fantasy illustration of a bard casting the spell Magnificent Mansion: extradimensional grand mansion behind a shimmering door, dramatic lighting, painterly D&D book art, wide 16:9, no text"
7º círculo,Miragem Arcana,Mirage Arcane,Ilusão,public/images/magias/icones/miragem-arcana.webp,public/images/magias/ilustracoes/miragem-arcana-1.webp,landscape transformed by vast illusion,"fantasy RPG spell icon, landscape transformed by vast illusion, single centered emblem, painterly hand-painted style, rich colors, dark vignette background, violet glow, square, no text, no border","medieval fantasy illustration of a bard casting the spell Mirage Arcane: landscape transformed by vast illusion, dramatic lighting, painterly D&D book art, wide 16:9, no text"
7º círculo,Palavra Divina,Divine Word,Evocação,public/images/magias/icones/palavra-divina.webp,public/images/magias/ilustracoes/palavra-divina-1.webp,"divine word of power, terrible holy light","fantasy RPG spell icon, divine word of power, terrible holy light, single centered emblem, painterly hand-painted style, rich colors, dark vignette background, fiery orange and red glow, square, no text, no border","medieval fantasy illustration of a cleric casting the spell Divine Word: divine word of power, terrible holy light, dramatic lighting, painterly D&D book art, wide 16:9, no text"
7º círculo,Projetar Imagem,Project Image,Ilusão,public/images/magias/icones/projetar-imagem.webp,public/images/magias/ilustracoes/projetar-imagem-1.webp,illusory projection of a mage far away,"fantasy RPG spell icon, illusory projection of a mage far away, single centered emblem, painterly hand-painted style, rich colors, dark vignette background, violet glow, square, no text, no border","medieval fantasy illustration of a bard casting the spell Project Image: illusory projection of a mage far away, dramatic lighting, painterly D&D book art, wide 16:9, no text"
7º círculo,Rajada Prismática,Prismatic Spray,Evocação,public/images/magias/icones/rajada-prismatica.webp,public/images/magias/ilustracoes/rajada-prismatica-1.webp,seven rays of rainbow colored light,"fantasy RPG spell icon, seven rays of rainbow colored light, single centered emblem, painterly hand-painted style, rich colors, dark vignette background, fiery orange and red glow, square, no text, no border","medieval fantasy illustration of a bard casting the spell Prismatic Spray: seven rays of rainbow colored light, dramatic lighting, painterly D&D book art, wide 16:9, no text"
7º círculo,Regeneração,Regenerate,Transmutação,public/images/magias/icones/regeneracao.webp,public/images/magias/ilustracoes/regeneracao-1.webp,limb regenerating with healing light,"fantasy RPG spell icon, limb regenerating with healing light, single centered emblem, painterly hand-painted style, rich colors, dark vignette background, emerald green and amber glow, square, no text, no border","medieval fantasy illustration of a bard casting the spell Regenerate: limb regenerating with healing light, dramatic lighting, painterly D&D book art, wide 16:9, no text"
7º círculo,Ressurreição,Resurrection,Necromancia,public/images/magias/icones/ressurreicao.webp,public/images/magias/ilustracoes/ressurreicao-1.webp,soul returning to a body in a radiant glow,"fantasy RPG spell icon, soul returning to a body in a radiant glow, single centered emblem, painterly hand-painted style, rich colors, dark vignette background, sickly green and black glow, square, no text, no border","medieval fantasy illustration of a bard casting the spell Resurrection: soul returning to a body in a radiant glow, dramatic lighting, painterly D&D book art, wide 16:9, no text"
7º círculo,Simulacro,Simulacrum,Ilusão,public/images/magias/icones/simulacro.webp,public/images/magias/ilustracoes/simulacro-1.webp,illusory duplicate made of snow,"fantasy RPG spell icon, illusory duplicate made of snow, single centered emblem, painterly hand-painted style, rich colors, dark vignette background, violet glow, square, no text, no border","medieval fantasy illustration of a wizard casting the spell Simulacrum: illusory duplicate made of snow, dramatic lighting, painterly D&D book art, wide 16:9, no text"
7º círculo,Símbolo,Symbol,Abjuração,public/images/magias/icones/simbolo.webp,public/images/magias/ilustracoes/simbolo-1.webp,glowing deadly symbol inscribed on a door,"fantasy RPG spell icon, glowing deadly symbol inscribed on a door, single centered emblem, painterly hand-painted style, rich colors, dark vignette background, pale blue glow, square, no text, no border","medieval fantasy illustration of a bard casting the spell Symbol: glowing deadly symbol inscribed on a door, dramatic lighting, painterly D&D book art, wide 16:9, no text"
7º círculo,Teletransporte,Teleport,Conjuração,public/images/magias/icones/teletransporte.webp,public/images/magias/ilustracoes/teletransporte-1.webp,figure teleporting in a flash of light,"fantasy RPG spell icon, figure teleporting in a flash of light, single centered emblem, painterly hand-painted style, rich colors, dark vignette background, golden yellow glow, square, no text, no border","medieval fantasy illustration of a bard casting the spell Teleport: figure teleporting in a flash of light, dramatic lighting, painterly D&D book art, wide 16:9, no text"
7º círculo,Tempestade de Fogo,Fire Storm,Evocação,public/images/magias/icones/tempestade-de-fogo.webp,public/images/magias/ilustracoes/tempestade-de-fogo-1.webp,storm of fire engulfing an area,"fantasy RPG spell icon, storm of fire engulfing an area, single centered emblem, painterly hand-painted style, rich colors, dark vignette background, fiery orange and red glow, square, no text, no border","medieval fantasy illustration of a cleric casting the spell Fire Storm: storm of fire engulfing an area, dramatic lighting, painterly D&D book art, wide 16:9, no text"
7º círculo,Viagem Planar,Plane Shift,Conjuração,public/images/magias/icones/viagem-planar.webp,public/images/magias/ilustracoes/viagem-planar-1.webp,travel between planes through a tuning fork portal,"fantasy RPG spell icon, travel between planes through a tuning fork portal, single centered emblem, painterly hand-painted style, rich colors, dark vignette background, golden yellow glow, square, no text, no border","medieval fantasy illustration of a warlock casting the spell Plane Shift: travel between planes through a tuning fork portal, dramatic lighting, painterly D&D book art, wide 16:9, no text"
8º círculo,Antipatia/Simpatia,Antipathy/Sympathy,Encantamento,public/images/magias/icones/antipatia-simpatia.webp,public/images/magias/ilustracoes/antipatia-simpatia-1.webp,aura repelling and attracting creatures,"fantasy RPG spell icon, aura repelling and attracting creatures, single centered emblem, painterly hand-painted style, rich colors, dark vignette background, pink and magenta glow, square, no text, no border","medieval fantasy illustration of a bard casting the spell Antipathy/Sympathy: aura repelling and attracting creatures, dramatic lighting, painterly D&D book art, wide 16:9, no text"
8º círculo,Aura Sagrada,Holy Aura,Abjuração,public/images/magias/icones/aura-sagrada.webp,public/images/magias/ilustracoes/aura-sagrada-1.webp,brilliant holy aura around allies,"fantasy RPG spell icon, brilliant holy aura around allies, single centered emblem, painterly hand-painted style, rich colors, dark vignette background, pale blue glow, square, no text, no border","medieval fantasy illustration of a cleric casting the spell Holy Aura: brilliant holy aura around allies, dramatic lighting, painterly D&D book art, wide 16:9, no text"
8º círculo,Campo Antimagia,Antimagic Field,Abjuração,public/images/magias/icones/campo-antimagia.webp,public/images/magias/ilustracoes/campo-antimagia-1.webp,sphere suppressing all magic,"fantasy RPG spell icon, sphere suppressing all magic, single centered emblem, painterly hand-painted style, rich colors, dark vignette background, pale blue glow, square, no text, no border","medieval fantasy illustration of a cleric casting the spell Antimagic Field: sphere suppressing all magic, dramatic lighting, painterly D&D book art, wide 16:9, no text"
8º círculo,Clone,Clone,Necromancia,public/images/magias/icones/clone.webp,public/images/magias/ilustracoes/clone-1.webp,clone growing in a magical vessel,"fantasy RPG spell icon, clone growing in a magical vessel, single centered emblem, painterly hand-painted style, rich colors, dark vignette background, sickly green and black glow, square, no text, no border","medieval fantasy illustration of a wizard casting the spell Clone: clone growing in a magical vessel, dramatic lighting, painterly D&D book art, wide 16:9, no text"
8º círculo,Controlar o Clima,Control Weather,Transmutação,public/images/magias/icones/controlar-o-clima.webp,public/images/magias/ilustracoes/controlar-o-clima-1.webp,caster controlling the sky and storms,"fantasy RPG spell icon, caster controlling the sky and storms, single centered emblem, painterly hand-painted style, rich colors, dark vignette background, emerald green and amber glow, square, no text, no border","medieval fantasy illustration of a cleric casting the spell Control Weather: caster controlling the sky and storms, dramatic lighting, painterly D&D book art, wide 16:9, no text"
8º círculo,Dominar Monstro,Dominate Monster,Encantamento,public/images/magias/icones/dominar-monstro.webp,public/images/magias/ilustracoes/dominar-monstro-1.webp,"monster under mental control, glowing eyes","fantasy RPG spell icon, monster under mental control, glowing eyes, single centered emblem, painterly hand-painted style, rich colors, dark vignette background, pink and magenta glow, square, no text, no border","medieval fantasy illustration of a bard casting the spell Dominate Monster: monster under mental control, glowing eyes, dramatic lighting, painterly D&D book art, wide 16:9, no text"
8º círculo,Explosão Solar,Sunburst,Evocação,public/images/magias/icones/explosao-solar.webp,public/images/magias/ilustracoes/explosao-solar-1.webp,brilliant burst of sunlight blinding all,"fantasy RPG spell icon, brilliant burst of sunlight blinding all, single centered emblem, painterly hand-painted style, rich colors, dark vignette background, fiery orange and red glow, square, no text, no border","medieval fantasy illustration of a cleric casting the spell Sunburst: brilliant burst of sunlight blinding all, dramatic lighting, painterly D&D book art, wide 16:9, no text"
8º círculo,Formas Animais,Animal Shapes,Transmutação,public/images/magias/icones/formas-animais.webp,public/images/magias/ilustracoes/formas-animais-1.webp,allies transforming into beasts,"fantasy RPG spell icon, allies transforming into beasts, single centered emblem, painterly hand-painted style, rich colors, dark vignette background, emerald green and amber glow, square, no text, no border","medieval fantasy illustration of a druid casting the spell Animal Shapes: allies transforming into beasts, dramatic lighting, painterly D&D book art, wide 16:9, no text"
8º círculo,Labirinto,Maze,Conjuração,public/images/magias/icones/labirinto.webp,public/images/magias/ilustracoes/labirinto-1.webp,creature trapped in an endless labyrinth,"fantasy RPG spell icon, creature trapped in an endless labyrinth, single centered emblem, painterly hand-painted style, rich colors, dark vignette background, golden yellow glow, square, no text, no border","medieval fantasy illustration of a wizard casting the spell Maze: creature trapped in an endless labyrinth, dramatic lighting, painterly D&D book art, wide 16:9, no text"
8º círculo,Lábia,Glibness,Encantamento,public/images/magias/icones/labia.webp,public/images/magias/ilustracoes/labia-1.webp,"silver tongue, persuasive speech, charisma glow","fantasy RPG spell icon, silver tongue, persuasive speech, charisma glow, single centered emblem, painterly hand-painted style, rich colors, dark vignette background, pink and magenta glow, square, no text, no border","medieval fantasy illustration of a bard casting the spell Glibness: silver tongue, persuasive speech, charisma glow, dramatic lighting, painterly D&D book art, wide 16:9, no text"
8º círculo,Mente Embotada,Befuddlement,Encantamento,public/images/magias/icones/mente-embotada.webp,public/images/magias/ilustracoes/mente-embotada-1.webp,"mind shattered, intellect broken, spinning sigils","fantasy RPG spell icon, mind shattered, intellect broken, spinning sigils, single centered emblem, painterly hand-painted style, rich colors, dark vignette background, pink and magenta glow, square, no text, no border","medieval fantasy illustration of a bard casting the spell Befuddlement: mind shattered, intellect broken, spinning sigils, dramatic lighting, painterly D&D book art, wide 16:9, no text"
8º círculo,Mente Vazia,Mind Blank,Abjuração,public/images/magias/icones/mente-vazia.webp,public/images/magias/ilustracoes/mente-vazia-1.webp,mind protected by a blank shield,"fantasy RPG spell icon, mind protected by a blank shield, single centered emblem, painterly hand-painted style, rich colors, dark vignette background, pale blue glow, square, no text, no border","medieval fantasy illustration of a bard casting the spell Mind Blank: mind protected by a blank shield, dramatic lighting, painterly D&D book art, wide 16:9, no text"
8º círculo,Nuvem Incendiária,Incendiary Cloud,Conjuração,public/images/magias/icones/nuvem-incendiaria.webp,public/images/magias/ilustracoes/nuvem-incendiaria-1.webp,billowing cloud of burning embers,"fantasy RPG spell icon, billowing cloud of burning embers, single centered emblem, painterly hand-painted style, rich colors, dark vignette background, golden yellow glow, square, no text, no border","medieval fantasy illustration of a druid casting the spell Incendiary Cloud: billowing cloud of burning embers, dramatic lighting, painterly D&D book art, wide 16:9, no text"
8º círculo,Palavra de Poder: Atordoar,Power Word Stun,Encantamento,public/images/magias/icones/palavra-de-poder-atordoar.webp,public/images/magias/ilustracoes/palavra-de-poder-atordoar-1.webp,word of power stunning a creature,"fantasy RPG spell icon, word of power stunning a creature, single centered emblem, painterly hand-painted style, rich colors, dark vignette background, pink and magenta glow, square, no text, no border","medieval fantasy illustration of a bard casting the spell Power Word Stun: word of power stunning a creature, dramatic lighting, painterly D&D book art, wide 16:9, no text"
8º círculo,Semiplano,Demiplane,Conjuração,public/images/magias/icones/semiplano.webp,public/images/magias/ilustracoes/semiplano-1.webp,door to a small pocket dimension,"fantasy RPG spell icon, door to a small pocket dimension, single centered emblem, painterly hand-painted style, rich colors, dark vignette background, golden yellow glow, square, no text, no border","medieval fantasy illustration of a warlock casting the spell Demiplane: door to a small pocket dimension, dramatic lighting, painterly D&D book art, wide 16:9, no text"
8º círculo,Terremoto,Earthquake,Transmutação,public/images/magias/icones/terremoto.webp,public/images/magias/ilustracoes/terremoto-1.webp,ground splitting from a violent earthquake,"fantasy RPG spell icon, ground splitting from a violent earthquake, single centered emblem, painterly hand-painted style, rich colors, dark vignette background, emerald green and amber glow, square, no text, no border","medieval fantasy illustration of a cleric casting the spell Earthquake: ground splitting from a violent earthquake, dramatic lighting, painterly D&D book art, wide 16:9, no text"
8º círculo,Tsunami,Tsunami,Conjuração,public/images/magias/icones/tsunami.webp,public/images/magias/ilustracoes/tsunami-1.webp,colossal wall of water crashing,"fantasy RPG spell icon, colossal wall of water crashing, single centered emblem, painterly hand-painted style, rich colors, dark vignette background, golden yellow glow, square, no text, no border","medieval fantasy illustration of a druid casting the spell Tsunami: colossal wall of water crashing, dramatic lighting, painterly D&D book art, wide 16:9, no text"
9º círculo,Aprisionamento,Imprisonment,Abjuração,public/images/magias/icones/aprisionamento.webp,public/images/magias/ilustracoes/aprisionamento-1.webp,creature sealed in a magical prison,"fantasy RPG spell icon, creature sealed in a magical prison, single centered emblem, painterly hand-painted style, rich colors, dark vignette background, pale blue glow, square, no text, no border","medieval fantasy illustration of a warlock casting the spell Imprisonment: creature sealed in a magical prison, dramatic lighting, painterly D&D book art, wide 16:9, no text"
9º círculo,Chuva de Meteoros,Meteor Swarm,Evocação,public/images/magias/icones/chuva-de-meteoros.webp,public/images/magias/ilustracoes/chuva-de-meteoros-1.webp,fiery meteors raining from the sky,"fantasy RPG spell icon, fiery meteors raining from the sky, single centered emblem, painterly hand-painted style, rich colors, dark vignette background, fiery orange and red glow, square, no text, no border","medieval fantasy illustration of a sorcerer casting the spell Meteor Swarm: fiery meteors raining from the sky, dramatic lighting, painterly D&D book art, wide 16:9, no text"
9º círculo,Cura Completa em Massa,Mass Heal,Abjuração,public/images/magias/icones/cura-completa-em-massa.webp,public/images/magias/ilustracoes/cura-completa-em-massa-1.webp,flood of healing light for many,"fantasy RPG spell icon, flood of healing light for many, single centered emblem, painterly hand-painted style, rich colors, dark vignette background, pale blue glow, square, no text, no border","medieval fantasy illustration of a cleric casting the spell Mass Heal: flood of healing light for many, dramatic lighting, painterly D&D book art, wide 16:9, no text"
9º círculo,Desejo,Wish,Conjuração,public/images/magias/icones/desejo.webp,public/images/magias/ilustracoes/desejo-1.webp,"glowing wish granting reality-altering power, a genie-like light","fantasy RPG spell icon, glowing wish granting reality-altering power, a genie-like light, single centered emblem, painterly hand-painted style, rich colors, dark vignette background, golden yellow glow, square, no text, no border","medieval fantasy illustration of a sorcerer casting the spell Wish: glowing wish granting reality-altering power, a genie-like light, dramatic lighting, painterly D&D book art, wide 16:9, no text"
9º círculo,Metamorfose Verdadeira,True Polymorph,Transmutação,public/images/magias/icones/metamorfose-verdadeira.webp,public/images/magias/ilustracoes/metamorfose-verdadeira-1.webp,creature permanently transformed into an object,"fantasy RPG spell icon, creature permanently transformed into an object, single centered emblem, painterly hand-painted style, rich colors, dark vignette background, emerald green and amber glow, square, no text, no border","medieval fantasy illustration of a bard casting the spell True Polymorph: creature permanently transformed into an object, dramatic lighting, painterly D&D book art, wide 16:9, no text"
9º círculo,Mudança de Forma,Shapechange,Transmutação,public/images/magias/icones/mudanca-de-forma.webp,public/images/magias/ilustracoes/mudanca-de-forma-1.webp,caster transforming into various creatures,"fantasy RPG spell icon, caster transforming into various creatures, single centered emblem, painterly hand-painted style, rich colors, dark vignette background, emerald green and amber glow, square, no text, no border","medieval fantasy illustration of a druid casting the spell Shapechange: caster transforming into various creatures, dramatic lighting, painterly D&D book art, wide 16:9, no text"
9º círculo,Muralha Prismática,Prismatic Wall,Abjuração,public/images/magias/icones/muralha-prismatica.webp,public/images/magias/ilustracoes/muralha-prismatica-1.webp,shimmering wall of seven colors,"fantasy RPG spell icon, shimmering wall of seven colors, single centered emblem, painterly hand-painted style, rich colors, dark vignette background, pale blue glow, square, no text, no border","medieval fantasy illustration of a bard casting the spell Prismatic Wall: shimmering wall of seven colors, dramatic lighting, painterly D&D book art, wide 16:9, no text"
9º círculo,Palavra de Poder: Curar,Power Word Heal,Encantamento,public/images/magias/icones/palavra-de-poder-curar.webp,public/images/magias/ilustracoes/palavra-de-poder-curar-1.webp,word of power healing completely,"fantasy RPG spell icon, word of power healing completely, single centered emblem, painterly hand-painted style, rich colors, dark vignette background, pink and magenta glow, square, no text, no border","medieval fantasy illustration of a bard casting the spell Power Word Heal: word of power healing completely, dramatic lighting, painterly D&D book art, wide 16:9, no text"
9º círculo,Palavra de Poder: Matar,Power Word Kill,Encantamento,public/images/magias/icones/palavra-de-poder-matar.webp,public/images/magias/ilustracoes/palavra-de-poder-matar-1.webp,word of power killing instantly,"fantasy RPG spell icon, word of power killing instantly, single centered emblem, painterly hand-painted style, rich colors, dark vignette background, pink and magenta glow, square, no text, no border","medieval fantasy illustration of a bard casting the spell Power Word Kill: word of power killing instantly, dramatic lighting, painterly D&D book art, wide 16:9, no text"
9º círculo,Parar o Tempo,Time Stop,Transmutação,public/images/magias/icones/parar-o-tempo.webp,public/images/magias/ilustracoes/parar-o-tempo-1.webp,"frozen world, stopped clock, caster moving","fantasy RPG spell icon, frozen world, stopped clock, caster moving, single centered emblem, painterly hand-painted style, rich colors, dark vignette background, emerald green and amber glow, square, no text, no border","medieval fantasy illustration of a sorcerer casting the spell Time Stop: frozen world, stopped clock, caster moving, dramatic lighting, painterly D&D book art, wide 16:9, no text"
9º círculo,Portal,Gate,Conjuração,public/images/magias/icones/portal.webp,public/images/magias/ilustracoes/portal-1.webp,portal to another plane opening,"fantasy RPG spell icon, portal to another plane opening, single centered emblem, painterly hand-painted style, rich colors, dark vignette background, golden yellow glow, square, no text, no border","medieval fantasy illustration of a warlock casting the spell Gate: portal to another plane opening, dramatic lighting, painterly D&D book art, wide 16:9, no text"
9º círculo,Presciência,Foresight,Adivinhação,public/images/magias/icones/presciencia.webp,public/images/magias/ilustracoes/presciencia-1.webp,"eye seeing the future, threads of fate","fantasy RPG spell icon, eye seeing the future, threads of fate, single centered emblem, painterly hand-painted style, rich colors, dark vignette background, silver and white glow, square, no text, no border","medieval fantasy illustration of a bard casting the spell Foresight: eye seeing the future, threads of fate, dramatic lighting, painterly D&D book art, wide 16:9, no text"
9º círculo,Projeção Astral,Astral Projection,Necromancia,public/images/magias/icones/projecao-astral.webp,public/images/magias/ilustracoes/projecao-astral-1.webp,astral bodies traveling through the Astral Plane,"fantasy RPG spell icon, astral bodies traveling through the Astral Plane, single centered emblem, painterly hand-painted style, rich colors, dark vignette background, sickly green and black glow, square, no text, no border","medieval fantasy illustration of a warlock casting the spell Astral Projection: astral bodies traveling through the Astral Plane, dramatic lighting, painterly D&D book art, wide 16:9, no text"
9º círculo,Ressurreição Verdadeira,True Resurrection,Necromancia,public/images/magias/icones/ressurreicao-verdadeira.webp,public/images/magias/ilustracoes/ressurreicao-verdadeira-1.webp,"grand resurrection from a pile of ash, divine light","fantasy RPG spell icon, grand resurrection from a pile of ash, divine light, single centered emblem, painterly hand-painted style, rich colors, dark vignette background, sickly green and black glow, square, no text, no border","medieval fantasy illustration of a cleric casting the spell True Resurrection: grand resurrection from a pile of ash, divine light, dramatic lighting, painterly D&D book art, wide 16:9, no text"
9º círculo,Sina,Weird,Ilusão,public/images/magias/icones/sina.webp,public/images/magias/ilustracoes/sina-1.webp,nightmare illusions of each creature's fears,"fantasy RPG spell icon, nightmare illusions of each creature's fears, single centered emblem, painterly hand-painted style, rich colors, dark vignette background, violet glow, square, no text, no border","medieval fantasy illustration of a warlock casting the spell Weird: nightmare illusions of each creature's fears, dramatic lighting, painterly D&D book art, wide 16:9, no text"
9º círculo,Tempestade da Vingança,Storm of Vengeance,Conjuração,public/images/magias/icones/tempestade-da-vinganca.webp,public/images/magias/ilustracoes/tempestade-da-vinganca-1.webp,massive storm cloud with lightning and acid rain,"fantasy RPG spell icon, massive storm cloud with lightning and acid rain, single centered emblem, painterly hand-painted style, rich colors, dark vignette background, golden yellow glow, square, no text, no border","medieval fantasy illustration of a druid casting the spell Storm of Vengeance: massive storm cloud with lightning and acid rain, dramatic lighting, painterly D&D book art, wide 16:9, no text"
